currentLevel,requiredXpToUpgrade,newLevel,userBeXp,ranksRewards,claimableRewards,unclaimableRewards
Unranked_1,"2,000.00",Bronze_1,3000000,0|1,Unranked|Bronze_1,Bronze_3|Silver_1|Silver_2|Silver_3|Gold_1|Gold_2|Gold_3|Emerald_1|Emerald_2|Emerald_3|Sapphire_1|Sapphire_2|Sapphire_3|Ruby_1|Ruby_2|Ruby_3|Diamond_1|Diamond_2|Diamond_3|Opal_1|Opal_2|Opal_3
Unranked_1,"5,000.00",Bronze_2,7500000,0|1|2,Unranked|Bronze_1|Bronze_2,Silver_1|Silver_2|Silver_3|Gold_1|Gold_2|Gold_3|Emerald_1|Emerald_2|Emerald_3|Sapphire_1|Sapphire_2|Sapphire_3|Ruby_1|Ruby_2|Ruby_3|Diamond_1|Diamond_2|Diamond_3|Opal_1|Opal_2|Opal_3
Unranked_2,"5,000.00",Bronze_2,7500000,1|2,Unranked|Bronze_1|Bronze_2,Unranked|Silver_1|Silver_2|Silver_3|Gold_1|Gold_2|Gold_3|Emerald_1|Emerald_2|Emerald_3|Sapphire_1|Sapphire_2|Sapphire_3|Ruby_1|Ruby_2|Ruby_3|Diamond_1|Diamond_2|Diamond_3|Opal_1|Opal_2|Opal_3
Unranked_1,"10,000.00",Bronze_3,15000000,0|1|2|3,Unranked|Bronze_1|Bronze_2|Bronze_3,Silver_2|Silver_3|Gold_1|Gold_2|Gold_3|Emerald_1|Emerald_2|Emerald_3|Sapphire_1|Sapphire_2|Sapphire_3|Ruby_1|Ruby_2|Ruby_3|Diamond_1|Diamond_2|Diamond_3|Opal_1|Opal_2|Opal_3
Unranked_2,"10,000.00",Bronze_3,15000000,1|2|3,Unranked|Bronze_1|Bronze_2|Bronze_3,Unranked|Silver_2|Silver_3|Gold_1|Gold_2|Gold_3|Emerald_1|Emerald_2|Emerald_3|Sapphire_1|Sapphire_2|Sapphire_3|Ruby_1|Ruby_2|Ruby_3|Diamond_1|Diamond_2|Diamond_3|Opal_1|Opal_2|Opal_3
Bronze_1,"10,000.00",Bronze_3,15000000,2|3,Bronze_1|Bronze_2|Bronze_3,Unranked|Silver_2|Silver_3|Gold_1|Gold_2|Gold_3|Emerald_1|Emerald_2|Emerald_3|Sapphire_1|Sapphire_2|Sapphire_3|Ruby_1|Ruby_2|Ruby_3|Diamond_1|Diamond_2|Diamond_3|Opal_1|Opal_2|Opal_3
Unranked_1,"25,000.00",Silver_1,37500000,0|1|2|3|4,Unranked|Bronze_1|Bronze_2|Bronze_3|Silver_1,Silver_3|Gold_1|Gold_2|Gold_3|Emerald_1|Emerald_2|Emerald_3|Sapphire_1|Sapphire_2|Sapphire_3|Ruby_1|Ruby_2|Ruby_3|Diamond_1|Diamond_2|Diamond_3|Opal_1|Opal_2|Opal_3
Unranked_2,"25,000.00",Silver_1,37500000,1|2|3|4,Unranked|Bronze_1|Bronze_2|Bronze_3|Silver_1,Unranked|Silver_3|Gold_1|Gold_2|Gold_3|Emerald_1|Emerald_2|Emerald_3|Sapphire_1|Sapphire_2|Sapphire_3|Ruby_1|Ruby_2|Ruby_3|Diamond_1|Diamond_2|Diamond_3|Opal_1|Opal_2|Opal_3
Bronze_1,"25,000.00",Silver_1,37500000,2|3|4,Bronze_1|Bronze_2|Bronze_3|Silver_1,Unranked|Silver_3|Gold_1|Gold_2|Gold_3|Emerald_1|Emerald_2|Emerald_3|Sapphire_1|Sapphire_2|Sapphire_3|Ruby_1|Ruby_2|Ruby_3|Diamond_1|Diamond_2|Diamond_3|Opal_1|Opal_2|Opal_3
Bronze_2,"25,000.00",Silver_1,37500000,3|4,Bronze_2|Bronze_3|Silver_1,Unranked|Bronze_1|Silver_3|Gold_1|Gold_2|Gold_3|Emerald_1|Emerald_2|Emerald_3|Sapphire_1|Sapphire_2|Sapphire_3|Ruby_1|Ruby_2|Ruby_3|Diamond_1|Diamond_2|Diamond_3|Opal_1|Opal_2|Opal_3
Unranked_1,"50,000.00",Silver_2,75000000,0|1|2|3|4|5,Unranked|Bronze_1|Bronze_2|Bronze_3|Silver_1|Silver_2,Gold_1|Gold_2|Gold_3|Emerald_1|Emerald_2|Emerald_3|Sapphire_1|Sapphire_2|Sapphire_3|Ruby_1|Ruby_2|Ruby_3|Diamond_1|Diamond_2|Diamond_3|Opal_1|Opal_2|Opal_3
Unranked_2,"50,000.00",Silver_2,75000000,1|2|3|4|5,Unranked|Bronze_1|Bronze_2|Bronze_3|Silver_1|Silver_2,Unranked|Gold_1|Gold_2|Gold_3|Emerald_1|Emerald_2|Emerald_3|Sapphire_1|Sapphire_2|Sapphire_3|Ruby_1|Ruby_2|Ruby_3|Diamond_1|Diamond_2|Diamond_3|Opal_1|Opal_2|Opal_3
Bronze_1,"50,000.00",Silver_2,75000000,2|3|4|5,Bronze_1|Bronze_2|Bronze_3|Silver_1|Silver_2,Unranked|Gold_1|Gold_2|Gold_3|Emerald_1|Emerald_2|Emerald_3|Sapphire_1|Sapphire_2|Sapphire_3|Ruby_1|Ruby_2|Ruby_3|Diamond_1|Diamond_2|Diamond_3|Opal_1|Opal_2|Opal_3
Bronze_2,"50,000.00",Silver_2,75000000,3|4|5,Bronze_2|Bronze_3|Silver_1|Silver_2,Unranked|Bronze_1|Gold_1|Gold_2|Gold_3|Emerald_1|Emerald_2|Emerald_3|Sapphire_1|Sapphire_2|Sapphire_3|Ruby_1|Ruby_2|Ruby_3|Diamond_1|Diamond_2|Diamond_3|Opal_1|Opal_2|Opal_3
Bronze_3,"50,000.00",Silver_2,75000000,4|5,Bronze_3|Silver_1|Silver_2,Unranked|Bronze_1|Bronze_2|Gold_1|Gold_2|Gold_3|Emerald_1|Emerald_2|Emerald_3|Sapphire_1|Sapphire_2|Sapphire_3|Ruby_1|Ruby_2|Ruby_3|Diamond_1|Diamond_2|Diamond_3|Opal_1|Opal_2|Opal_3
Unranked_1,"90,000.00",Silver_3,135000000,0|1|2|3|4|5|6,Unranked|Bronze_1|Bronze_2|Bronze_3|Silver_1|Silver_2|Silver_3,Gold_2|Gold_3|Emerald_1|Emerald_2|Emerald_3|Sapphire_1|Sapphire_2|Sapphire_3|Ruby_1|Ruby_2|Ruby_3|Diamond_1|Diamond_2|Diamond_3|Opal_1|Opal_2|Opal_3
Unranked_2,"90,000.00",Silver_3,135000000,1|2|3|4|5|6,Unranked|Bronze_1|Bronze_2|Bronze_3|Silver_1|Silver_2|Silver_3,Unranked|Gold_2|Gold_3|Emerald_1|Emerald_2|Emerald_3|Sapphire_1|Sapphire_2|Sapphire_3|Ruby_1|Ruby_2|Ruby_3|Diamond_1|Diamond_2|Diamond_3|Opal_1|Opal_2|Opal_3
Bronze_1,"90,000.00",Silver_3,135000000,2|3|4|5|6,Bronze_1|Bronze_2|Bronze_3|Silver_1|Silver_2|Silver_3,Unranked|Gold_2|Gold_3|Emerald_1|Emerald_2|Emerald_3|Sapphire_1|Sapphire_2|Sapphire_3|Ruby_1|Ruby_2|Ruby_3|Diamond_1|Diamond_2|Diamond_3|Opal_1|Opal_2|Opal_3
Bronze_2,"90,000.00",Silver_3,135000000,3|4|5|6,Bronze_2|Bronze_3|Silver_1|Silver_2|Silver_3,Unranked|Bronze_1|Gold_2|Gold_3|Emerald_1|Emerald_2|Emerald_3|Sapphire_1|Sapphire_2|Sapphire_3|Ruby_1|Ruby_2|Ruby_3|Diamond_1|Diamond_2|Diamond_3|Opal_1|Opal_2|Opal_3
Bronze_3,"90,000.00",Silver_3,135000000,4|5|6,Bronze_3|Silver_1|Silver_2|Silver_3,Unranked|Bronze_1|Bronze_2|Gold_2|Gold_3|Emerald_1|Emerald_2|Emerald_3|Sapphire_1|Sapphire_2|Sapphire_3|Ruby_1|Ruby_2|Ruby_3|Diamond_1|Diamond_2|Diamond_3|Opal_1|Opal_2|Opal_3
Silver_1,"90,000.00",Silver_3,135000000,5|6,Silver_1|Silver_2|Silver_3,Unranked|Bronze_1|Bronze_2|Bronze_3|Gold_2|Gold_3|Emerald_1|Emerald_2|Emerald_3|Sapphire_1|Sapphire_2|Sapphire_3|Ruby_1|Ruby_2|Ruby_3|Diamond_1|Diamond_2|Diamond_3|Opal_1|Opal_2|Opal_3
Unranked_1,"180,000.00",Gold_1,270000000,0|1|2|3|4|5|6|7,Unranked|Bronze_1|Bronze_2|Bronze_3|Silver_1|Silver_2|Silver_3|Gold_1,Gold_3|Emerald_1|Emerald_2|Emerald_3|Sapphire_1|Sapphire_2|Sapphire_3|Ruby_1|Ruby_2|Ruby_3|Diamond_1|Diamond_2|Diamond_3|Opal_1|Opal_2|Opal_3
Unranked_2,"180,000.00",Gold_1,270000000,1|2|3|4|5|6|7,Unranked|Bronze_1|Bronze_2|Bronze_3|Silver_1|Silver_2|Silver_3|Gold_1,Unranked|Gold_3|Emerald_1|Emerald_2|Emerald_3|Sapphire_1|Sapphire_2|Sapphire_3|Ruby_1|Ruby_2|Ruby_3|Diamond_1|Diamond_2|Diamond_3|Opal_1|Opal_2|Opal_3
Bronze_1,"180,000.00",Gold_1,270000000,2|3|4|5|6|7,Bronze_1|Bronze_2|Bronze_3|Silver_1|Silver_2|Silver_3|Gold_1,Unranked|Gold_3|Emerald_1|Emerald_2|Emerald_3|Sapphire_1|Sapphire_2|Sapphire_3|Ruby_1|Ruby_2|Ruby_3|Diamond_1|Diamond_2|Diamond_3|Opal_1|Opal_2|Opal_3
Bronze_2,"180,000.00",Gold_1,270000000,3|4|5|6|7,Bronze_2|Bronze_3|Silver_1|Silver_2|Silver_3|Gold_1,Unranked|Bronze_1|Gold_3|Emerald_1|Emerald_2|Emerald_3|Sapphire_1|Sapphire_2|Sapphire_3|Ruby_1|Ruby_2|Ruby_3|Diamond_1|Diamond_2|Diamond_3|Opal_1|Opal_2|Opal_3
Bronze_3,"180,000.00",Gold_1,270000000,4|5|6|7,Bronze_3|Silver_1|Silver_2|Silver_3|Gold_1,Unranked|Bronze_1|Bronze_2|Gold_3|Emerald_1|Emerald_2|Emerald_3|Sapphire_1|Sapphire_2|Sapphire_3|Ruby_1|Ruby_2|Ruby_3|Diamond_1|Diamond_2|Diamond_3|Opal_1|Opal_2|Opal_3
Silver_1,"180,000.00",Gold_1,270000000,5|6|7,Silver_1|Silver_2|Silver_3|Gold_1,Unranked|Bronze_1|Bronze_2|Bronze_3|Gold_3|Emerald_1|Emerald_2|Emerald_3|Sapphire_1|Sapphire_2|Sapphire_3|Ruby_1|Ruby_2|Ruby_3|Diamond_1|Diamond_2|Diamond_3|Opal_1|Opal_2|Opal_3
Silver_2,"180,000.00",Gold_1,270000000,6|7,Silver_2|Silver_3|Gold_1,Unranked|Bronze_1|Bronze_2|Bronze_3|Silver_1|Gold_3|Emerald_1|Emerald_2|Emerald_3|Sapphire_1|Sapphire_2|Sapphire_3|Ruby_1|Ruby_2|Ruby_3|Diamond_1|Diamond_2|Diamond_3|Opal_1|Opal_2|Opal_3
Unranked_1,"300,000.00",Gold_2,450000000,0|1|2|3|4|5|6|7|8,Unranked|Bronze_1|Bronze_2|Bronze_3|Silver_1|Silver_2|Silver_3|Gold_1|Gold_2,Emerald_1|Emerald_2|Emerald_3|Sapphire_1|Sapphire_2|Sapphire_3|Ruby_1|Ruby_2|Ruby_3|Diamond_1|Diamond_2|Diamond_3|Opal_1|Opal_2|Opal_3
Unranked_2,"300,000.00",Gold_2,450000000,1|2|3|4|5|6|7|8,Unranked|Bronze_1|Bronze_2|Bronze_3|Silver_1|Silver_2|Silver_3|Gold_1|Gold_2,Unranked|Emerald_1|Emerald_2|Emerald_3|Sapphire_1|Sapphire_2|Sapphire_3|Ruby_1|Ruby_2|Ruby_3|Diamond_1|Diamond_2|Diamond_3|Opal_1|Opal_2|Opal_3
Bronze_1,"300,000.00",Gold_2,450000000,2|3|4|5|6|7|8,Bronze_1|Bronze_2|Bronze_3|Silver_1|Silver_2|Silver_3|Gold_1|Gold_2,Unranked|Emerald_1|Emerald_2|Emerald_3|Sapphire_1|Sapphire_2|Sapphire_3|Ruby_1|Ruby_2|Ruby_3|Diamond_1|Diamond_2|Diamond_3|Opal_1|Opal_2|Opal_3
Bronze_2,"300,000.00",Gold_2,450000000,3|4|5|6|7|8,Bronze_2|Bronze_3|Silver_1|Silver_2|Silver_3|Gold_1|Gold_2,Unranked|Bronze_1|Emerald_1|Emerald_2|Emerald_3|Sapphire_1|Sapphire_2|Sapphire_3|Ruby_1|Ruby_2|Ruby_3|Diamond_1|Diamond_2|Diamond_3|Opal_1|Opal_2|Opal_3
Bronze_3,"300,000.00",Gold_2,450000000,4|5|6|7|8,Bronze_3|Silver_1|Silver_2|Silver_3|Gold_1|Gold_2,Unranked|Bronze_1|Bronze_2|Emerald_1|Emerald_2|Emerald_3|Sapphire_1|Sapphire_2|Sapphire_3|Ruby_1|Ruby_2|Ruby_3|Diamond_1|Diamond_2|Diamond_3|Opal_1|Opal_2|Opal_3
Silver_1,"300,000.00",Gold_2,450000000,5|6|7|8,Silver_1|Silver_2|Silver_3|Gold_1|Gold_2,Unranked|Bronze_1|Bronze_2|Bronze_3|Emerald_1|Emerald_2|Emerald_3|Sapphire_1|Sapphire_2|Sapphire_3|Ruby_1|Ruby_2|Ruby_3|Diamond_1|Diamond_2|Diamond_3|Opal_1|Opal_2|Opal_3
Silver_2,"300,000.00",Gold_2,450000000,6|7|8,Silver_2|Silver_3|Gold_1|Gold_2,Unranked|Bronze_1|Bronze_2|Bronze_3|Silver_1|Emerald_1|Emerald_2|Emerald_3|Sapphire_1|Sapphire_2|Sapphire_3|Ruby_1|Ruby_2|Ruby_3|Diamond_1|Diamond_2|Diamond_3|Opal_1|Opal_2|Opal_3
Silver_3,"300,000.00",Gold_2,450000000,7|8,Silver_3|Gold_1|Gold_2,Unranked|Bronze_1|Bronze_2|Bronze_3|Silver_1|Silver_2|Emerald_1|Emerald_2|Emerald_3|Sapphire_1|Sapphire_2|Sapphire_3|Ruby_1|Ruby_2|Ruby_3|Diamond_1|Diamond_2|Diamond_3|Opal_1|Opal_2|Opal_3
Unranked_1,"500,000.00",Gold_3,750000000,0|1|2|3|4|5|6|7|8|9,Unranked|Bronze_1|Bronze_2|Bronze_3|Silver_1|Silver_2|Silver_3|Gold_1|Gold_2|Gold_3,Emerald_2|Emerald_3|Sapphire_1|Sapphire_2|Sapphire_3|Ruby_1|Ruby_2|Ruby_3|Diamond_1|Diamond_2|Diamond_3|Opal_1|Opal_2|Opal_3
Unranked_2,"500,000.00",Gold_3,750000000,1|2|3|4|5|6|7|8|9,Unranked|Bronze_1|Bronze_2|Bronze_3|Silver_1|Silver_2|Silver_3|Gold_1|Gold_2|Gold_3,Unranked|Emerald_2|Emerald_3|Sapphire_1|Sapphire_2|Sapphire_3|Ruby_1|Ruby_2|Ruby_3|Diamond_1|Diamond_2|Diamond_3|Opal_1|Opal_2|Opal_3
Bronze_1,"500,000.00",Gold_3,750000000,2|3|4|5|6|7|8|9,Bronze_1|Bronze_2|Bronze_3|Silver_1|Silver_2|Silver_3|Gold_1|Gold_2|Gold_3,Unranked|Emerald_2|Emerald_3|Sapphire_1|Sapphire_2|Sapphire_3|Ruby_1|Ruby_2|Ruby_3|Diamond_1|Diamond_2|Diamond_3|Opal_1|Opal_2|Opal_3
Bronze_2,"500,000.00",Gold_3,750000000,3|4|5|6|7|8|9,Bronze_2|Bronze_3|Silver_1|Silver_2|Silver_3|Gold_1|Gold_2|Gold_3,Unranked|Bronze_1|Emerald_2|Emerald_3|Sapphire_1|Sapphire_2|Sapphire_3|Ruby_1|Ruby_2|Ruby_3|Diamond_1|Diamond_2|Diamond_3|Opal_1|Opal_2|Opal_3
Bronze_3,"500,000.00",Gold_3,750000000,4|5|6|7|8|9,Bronze_3|Silver_1|Silver_2|Silver_3|Gold_1|Gold_2|Gold_3,Unranked|Bronze_1|Bronze_2|Emerald_2|Emerald_3|Sapphire_1|Sapphire_2|Sapphire_3|Ruby_1|Ruby_2|Ruby_3|Diamond_1|Diamond_2|Diamond_3|Opal_1|Opal_2|Opal_3
Silver_1,"500,000.00",Gold_3,750000000,5|6|7|8|9,Silver_1|Silver_2|Silver_3|Gold_1|Gold_2|Gold_3,Unranked|Bronze_1|Bronze_2|Bronze_3|Emerald_2|Emerald_3|Sapphire_1|Sapphire_2|Sapphire_3|Ruby_1|Ruby_2|Ruby_3|Diamond_1|Diamond_2|Diamond_3|Opal_1|Opal_2|Opal_3
Silver_2,"500,000.00",Gold_3,750000000,6|7|8|9,Silver_2|Silver_3|Gold_1|Gold_2|Gold_3,Unranked|Bronze_1|Bronze_2|Bronze_3|Silver_1|Emerald_2|Emerald_3|Sapphire_1|Sapphire_2|Sapphire_3|Ruby_1|Ruby_2|Ruby_3|Diamond_1|Diamond_2|Diamond_3|Opal_1|Opal_2|Opal_3
Silver_3,"500,000.00",Gold_3,750000000,7|8|9,Silver_3|Gold_1|Gold_2|Gold_3,Unranked|Bronze_1|Bronze_2|Bronze_3|Silver_1|Silver_2|Emerald_2|Emerald_3|Sapphire_1|Sapphire_2|Sapphire_3|Ruby_1|Ruby_2|Ruby_3|Diamond_1|Diamond_2|Diamond_3|Opal_1|Opal_2|Opal_3
Gold_1,"500,000.00",Gold_3,750000000,8|9,Gold_1|Gold_2|Gold_3,Unranked|Bronze_1|Bronze_2|Bronze_3|Silver_1|Silver_2|Silver_3|Emerald_2|Emerald_3|Sapphire_1|Sapphire_2|Sapphire_3|Ruby_1|Ruby_2|Ruby_3|Diamond_1|Diamond_2|Diamond_3|Opal_1|Opal_2|Opal_3
Unranked_1,"1,000,000.00",Emerald_1,1500000000,0|1|2|3|4|5|6|7|8|9|10,Unranked|Bronze_1|Bronze_2|Bronze_3|Silver_1|Silver_2|Silver_3|Gold_1|Gold_2|Gold_3|Emerald_1,Emerald_3|Sapphire_1|Sapphire_2|Sapphire_3|Ruby_1|Ruby_2|Ruby_3|Diamond_1|Diamond_2|Diamond_3|Opal_1|Opal_2|Opal_3
Unranked_2,"1,000,000.00",Emerald_1,1500000000,1|2|3|4|5|6|7|8|9|10,Unranked|Bronze_1|Bronze_2|Bronze_3|Silver_1|Silver_2|Silver_3|Gold_1|Gold_2|Gold_3|Emerald_1,Unranked|Emerald_3|Sapphire_1|Sapphire_2|Sapphire_3|Ruby_1|Ruby_2|Ruby_3|Diamond_1|Diamond_2|Diamond_3|Opal_1|Opal_2|Opal_3
Bronze_1,"1,000,000.00",Emerald_1,1500000000,2|3|4|5|6|7|8|9|10,Bronze_1|Bronze_2|Bronze_3|Silver_1|Silver_2|Silver_3|Gold_1|Gold_2|Gold_3|Emerald_1,Unranked|Emerald_3|Sapphire_1|Sapphire_2|Sapphire_3|Ruby_1|Ruby_2|Ruby_3|Diamond_1|Diamond_2|Diamond_3|Opal_1|Opal_2|Opal_3
Bronze_2,"1,000,000.00",Emerald_1,1500000000,3|4|5|6|7|8|9|10,Bronze_2|Bronze_3|Silver_1|Silver_2|Silver_3|Gold_1|Gold_2|Gold_3|Emerald_1,Unranked|Bronze_1|Emerald_3|Sapphire_1|Sapphire_2|Sapphire_3|Ruby_1|Ruby_2|Ruby_3|Diamond_1|Diamond_2|Diamond_3|Opal_1|Opal_2|Opal_3
Bronze_3,"1,000,000.00",Emerald_1,1500000000,4|5|6|7|8|9|10,Bronze_3|Silver_1|Silver_2|Silver_3|Gold_1|Gold_2|Gold_3|Emerald_1,Unranked|Bronze_1|Bronze_2|Emerald_3|Sapphire_1|Sapphire_2|Sapphire_3|Ruby_1|Ruby_2|Ruby_3|Diamond_1|Diamond_2|Diamond_3|Opal_1|Opal_2|Opal_3
Silver_1,"1,000,000.00",Emerald_1,1500000000,5|6|7|8|9|10,Silver_1|Silver_2|Silver_3|Gold_1|Gold_2|Gold_3|Emerald_1,Unranked|Bronze_1|Bronze_2|Bronze_3|Emerald_3|Sapphire_1|Sapphire_2|Sapphire_3|Ruby_1|Ruby_2|Ruby_3|Diamond_1|Diamond_2|Diamond_3|Opal_1|Opal_2|Opal_3
Silver_2,"1,000,000.00",Emerald_1,1500000000,6|7|8|9|10,Silver_2|Silver_3|Gold_1|Gold_2|Gold_3|Emerald_1,Unranked|Bronze_1|Bronze_2|Bronze_3|Silver_1|Emerald_3|Sapphire_1|Sapphire_2|Sapphire_3|Ruby_1|Ruby_2|Ruby_3|Diamond_1|Diamond_2|Diamond_3|Opal_1|Opal_2|Opal_3
Silver_3,"1,000,000.00",Emerald_1,1500000000,7|8|9|10,Silver_3|Gold_1|Gold_2|Gold_3|Emerald_1,Unranked|Bronze_1|Bronze_2|Bronze_3|Silver_1|Silver_2|Emerald_3|Sapphire_1|Sapphire_2|Sapphire_3|Ruby_1|Ruby_2|Ruby_3|Diamond_1|Diamond_2|Diamond_3|Opal_1|Opal_2|Opal_3
Gold_1,"1,000,000.00",Emerald_1,1500000000,8|9|10,Gold_1|Gold_2|Gold_3|Emerald_1,Unranked|Bronze_1|Bronze_2|Bronze_3|Silver_1|Silver_2|Silver_3|Emerald_3|Sapphire_1|Sapphire_2|Sapphire_3|Ruby_1|Ruby_2|Ruby_3|Diamond_1|Diamond_2|Diamond_3|Opal_1|Opal_2|Opal_3
Gold_2,"1,000,000.00",Emerald_1,1500000000,9|10,Gold_2|Gold_3|Emerald_1,Unranked|Bronze_1|Bronze_2|Bronze_3|Silver_1|Silver_2|Silver_3|Gold_1|Emerald_3|Sapphire_1|Sapphire_2|Sapphire_3|Ruby_1|Ruby_2|Ruby_3|Diamond_1|Diamond_2|Diamond_3|Opal_1|Opal_2|Opal_3
Unranked_1,"2,000,000.00",Emerald_2,3000000000,0|1|2|3|4|5|6|7|8|9|10|11,Unranked|Bronze_1|Bronze_2|Bronze_3|Silver_1|Silver_2|Silver_3|Gold_1|Gold_2|Gold_3|Emerald_1|Emerald_2,Sapphire_1|Sapphire_2|Sapphire_3|Ruby_1|Ruby_2|Ruby_3|Diamond_1|Diamond_2|Diamond_3|Opal_1|Opal_2|Opal_3
Unranked_2,"2,000,000.00",Emerald_2,3000000000,1|2|3|4|5|6|7|8|9|10|11,Unranked|Bronze_1|Bronze_2|Bronze_3|Silver_1|Silver_2|Silver_3|Gold_1|Gold_2|Gold_3|Emerald_1|Emerald_2,Unranked|Sapphire_1|Sapphire_2|Sapphire_3|Ruby_1|Ruby_2|Ruby_3|Diamond_1|Diamond_2|Diamond_3|Opal_1|Opal_2|Opal_3
Bronze_1,"2,000,000.00",Emerald_2,3000000000,2|3|4|5|6|7|8|9|10|11,Bronze_1|Bronze_2|Bronze_3|Silver_1|Silver_2|Silver_3|Gold_1|Gold_2|Gold_3|Emerald_1|Emerald_2,Unranked|Sapphire_1|Sapphire_2|Sapphire_3|Ruby_1|Ruby_2|Ruby_3|Diamond_1|Diamond_2|Diamond_3|Opal_1|Opal_2|Opal_3
Bronze_2,"2,000,000.00",Emerald_2,3000000000,3|4|5|6|7|8|9|10|11,Bronze_2|Bronze_3|Silver_1|Silver_2|Silver_3|Gold_1|Gold_2|Gold_3|Emerald_1|Emerald_2,Unranked|Bronze_1|Sapphire_1|Sapphire_2|Sapphire_3|Ruby_1|Ruby_2|Ruby_3|Diamond_1|Diamond_2|Diamond_3|Opal_1|Opal_2|Opal_3
Bronze_3,"2,000,000.00",Emerald_2,3000000000,4|5|6|7|8|9|10|11,Bronze_3|Silver_1|Silver_2|Silver_3|Gold_1|Gold_2|Gold_3|Emerald_1|Emerald_2,Unranked|Bronze_1|Bronze_2|Sapphire_1|Sapphire_2|Sapphire_3|Ruby_1|Ruby_2|Ruby_3|Diamond_1|Diamond_2|Diamond_3|Opal_1|Opal_2|Opal_3
Silver_1,"2,000,000.00",Emerald_2,3000000000,5|6|7|8|9|10|11,Silver_1|Silver_2|Silver_3|Gold_1|Gold_2|Gold_3|Emerald_1|Emerald_2,Unranked|Bronze_1|Bronze_2|Bronze_3|Sapphire_1|Sapphire_2|Sapphire_3|Ruby_1|Ruby_2|Ruby_3|Diamond_1|Diamond_2|Diamond_3|Opal_1|Opal_2|Opal_3
Silver_2,"2,000,000.00",Emerald_2,3000000000,6|7|8|9|10|11,Silver_2|Silver_3|Gold_1|Gold_2|Gold_3|Emerald_1|Emerald_2,Unranked|Bronze_1|Bronze_2|Bronze_3|Silver_1|Sapphire_1|Sapphire_2|Sapphire_3|Ruby_1|Ruby_2|Ruby_3|Diamond_1|Diamond_2|Diamond_3|Opal_1|Opal_2|Opal_3
Silver_3,"2,000,000.00",Emerald_2,3000000000,7|8|9|10|11,Silver_3|Gold_1|Gold_2|Gold_3|Emerald_1|Emerald_2,Unranked|Bronze_1|Bronze_2|Bronze_3|Silver_1|Silver_2|Sapphire_1|Sapphire_2|Sapphire_3|Ruby_1|Ruby_2|Ruby_3|Diamond_1|Diamond_2|Diamond_3|Opal_1|Opal_2|Opal_3
Gold_1,"2,000,000.00",Emerald_2,3000000000,8|9|10|11,Gold_1|Gold_2|Gold_3|Emerald_1|Emerald_2,Unranked|Bronze_1|Bronze_2|Bronze_3|Silver_1|Silver_2|Silver_3|Sapphire_1|Sapphire_2|Sapphire_3|Ruby_1|Ruby_2|Ruby_3|Diamond_1|Diamond_2|Diamond_3|Opal_1|Opal_2|Opal_3
Gold_2,"2,000,000.00",Emerald_2,3000000000,9|10|11,Gold_2|Gold_3|Emerald_1|Emerald_2,Unranked|Bronze_1|Bronze_2|Bronze_3|Silver_1|Silver_2|Silver_3|Gold_1|Sapphire_1|Sapphire_2|Sapphire_3|Ruby_1|Ruby_2|Ruby_3|Diamond_1|Diamond_2|Diamond_3|Opal_1|Opal_2|Opal_3
Gold_3,"2,000,000.00",Emerald_2,3000000000,10|11,Gold_3|Emerald_1|Emerald_2,Unranked|Bronze_1|Bronze_2|Bronze_3|Silver_1|Silver_2|Silver_3|Gold_1|Gold_2|Sapphire_1|Sapphire_2|Sapphire_3|Ruby_1|Ruby_2|Ruby_3|Diamond_1|Diamond_2|Diamond_3|Opal_1|Opal_2|Opal_3
Unranked_1,"4,000,000.00",Emerald_3,6000000000,0|1|2|3|4|5|6|7|8|9|10|11|12,Unranked|Bronze_1|Bronze_2|Bronze_3|Silver_1|Silver_2|Silver_3|Gold_1|Gold_2|Gold_3|Emerald_1|Emerald_2|Emerald_3,Sapphire_2|Sapphire_3|Ruby_1|Ruby_2|Ruby_3|Diamond_1|Diamond_2|Diamond_3|Opal_1|Opal_2|Opal_3
Unranked_2,"4,000,000.00",Emerald_3,6000000000,1|2|3|4|5|6|7|8|9|10|11|12,Unranked|Bronze_1|Bronze_2|Bronze_3|Silver_1|Silver_2|Silver_3|Gold_1|Gold_2|Gold_3|Emerald_1|Emerald_2|Emerald_3,Unranked|Sapphire_2|Sapphire_3|Ruby_1|Ruby_2|Ruby_3|Diamond_1|Diamond_2|Diamond_3|Opal_1|Opal_2|Opal_3
Bronze_1,"4,000,000.00",Emerald_3,6000000000,2|3|4|5|6|7|8|9|10|11|12,Bronze_1|Bronze_2|Bronze_3|Silver_1|Silver_2|Silver_3|Gold_1|Gold_2|Gold_3|Emerald_1|Emerald_2|Emerald_3,Unranked|Sapphire_2|Sapphire_3|Ruby_1|Ruby_2|Ruby_3|Diamond_1|Diamond_2|Diamond_3|Opal_1|Opal_2|Opal_3
Bronze_2,"4,000,000.00",Emerald_3,6000000000,3|4|5|6|7|8|9|10|11|12,Bronze_2|Bronze_3|Silver_1|Silver_2|Silver_3|Gold_1|Gold_2|Gold_3|Emerald_1|Emerald_2|Emerald_3,Unranked|Bronze_1|Sapphire_2|Sapphire_3|Ruby_1|Ruby_2|Ruby_3|Diamond_1|Diamond_2|Diamond_3|Opal_1|Opal_2|Opal_3
Bronze_3,"4,000,000.00",Emerald_3,6000000000,4|5|6|7|8|9|10|11|12,Bronze_3|Silver_1|Silver_2|Silver_3|Gold_1|Gold_2|Gold_3|Emerald_1|Emerald_2|Emerald_3,Unranked|Bronze_1|Bronze_2|Sapphire_2|Sapphire_3|Ruby_1|Ruby_2|Ruby_3|Diamond_1|Diamond_2|Diamond_3|Opal_1|Opal_2|Opal_3
Silver_1,"4,000,000.00",Emerald_3,6000000000,5|6|7|8|9|10|11|12,Silver_1|Silver_2|Silver_3|Gold_1|Gold_2|Gold_3|Emerald_1|Emerald_2|Emerald_3,Unranked|Bronze_1|Bronze_2|Bronze_3|Sapphire_2|Sapphire_3|Ruby_1|Ruby_2|Ruby_3|Diamond_1|Diamond_2|Diamond_3|Opal_1|Opal_2|Opal_3
Silver_2,"4,000,000.00",Emerald_3,6000000000,6|7|8|9|10|11|12,Silver_2|Silver_3|Gold_1|Gold_2|Gold_3|Emerald_1|Emerald_2|Emerald_3,Unranked|Bronze_1|Bronze_2|Bronze_3|Silver_1|Sapphire_2|Sapphire_3|Ruby_1|Ruby_2|Ruby_3|Diamond_1|Diamond_2|Diamond_3|Opal_1|Opal_2|Opal_3
Silver_3,"4,000,000.00",Emerald_3,6000000000,7|8|9|10|11|12,Silver_3|Gold_1|Gold_2|Gold_3|Emerald_1|Emerald_2|Emerald_3,Unranked|Bronze_1|Bronze_2|Bronze_3|Silver_1|Silver_2|Sapphire_2|Sapphire_3|Ruby_1|Ruby_2|Ruby_3|Diamond_1|Diamond_2|Diamond_3|Opal_1|Opal_2|Opal_3
Gold_1,"4,000,000.00",Emerald_3,6000000000,8|9|10|11|12,Gold_1|Gold_2|Gold_3|Emerald_1|Emerald_2|Emerald_3,Unranked|Bronze_1|Bronze_2|Bronze_3|Silver_1|Silver_2|Silver_3|Sapphire_2|Sapphire_3|Ruby_1|Ruby_2|Ruby_3|Diamond_1|Diamond_2|Diamond_3|Opal_1|Opal_2|Opal_3
Gold_2,"4,000,000.00",Emerald_3,6000000000,9|10|11|12,Gold_2|Gold_3|Emerald_1|Emerald_2|Emerald_3,Unranked|Bronze_1|Bronze_2|Bronze_3|Silver_1|Silver_2|Silver_3|Gold_1|Sapphire_2|Sapphire_3|Ruby_1|Ruby_2|Ruby_3|Diamond_1|Diamond_2|Diamond_3|Opal_1|Opal_2|Opal_3
Gold_3,"4,000,000.00",Emerald_3,6000000000,10|11|12,Gold_3|Emerald_1|Emerald_2|Emerald_3,Unranked|Bronze_1|Bronze_2|Bronze_3|Silver_1|Silver_2|Silver_3|Gold_1|Gold_2|Sapphire_2|Sapphire_3|Ruby_1|Ruby_2|Ruby_3|Diamond_1|Diamond_2|Diamond_3|Opal_1|Opal_2|Opal_3
Emerald_1,"4,000,000.00",Emerald_3,6000000000,11|12,Emerald_1|Emerald_2|Emerald_3,Unranked|Bronze_1|Bronze_2|Bronze_3|Silver_1|Silver_2|Silver_3|Gold_1|Gold_2|Gold_3|Sapphire_2|Sapphire_3|Ruby_1|Ruby_2|Ruby_3|Diamond_1|Diamond_2|Diamond_3|Opal_1|Opal_2|Opal_3
Unranked_1,"8,000,000.00",Sapphire_1,12000000000,0|1|2|3|4|5|6|7|8|9|10|11|12|13,Unranked|Bronze_1|Bronze_2|Bronze_3|Silver_1|Silver_2|Silver_3|Gold_1|Gold_2|Gold_3|Emerald_1|Emerald_2|Emerald_3|Sapphire_1,Sapphire_3|Ruby_1|Ruby_2|Ruby_3|Diamond_1|Diamond_2|Diamond_3|Opal_1|Opal_2|Opal_3
Unranked_2,"8,000,000.00",Sapphire_1,12000000000,1|2|3|4|5|6|7|8|9|10|11|12|13,Unranked|Bronze_1|Bronze_2|Bronze_3|Silver_1|Silver_2|Silver_3|Gold_1|Gold_2|Gold_3|Emerald_1|Emerald_2|Emerald_3|Sapphire_1,Unranked|Sapphire_3|Ruby_1|Ruby_2|Ruby_3|Diamond_1|Diamond_2|Diamond_3|Opal_1|Opal_2|Opal_3
Bronze_1,"8,000,000.00",Sapphire_1,12000000000,2|3|4|5|6|7|8|9|10|11|12|13,Bronze_1|Bronze_2|Bronze_3|Silver_1|Silver_2|Silver_3|Gold_1|Gold_2|Gold_3|Emerald_1|Emerald_2|Emerald_3|Sapphire_1,Unranked|Sapphire_3|Ruby_1|Ruby_2|Ruby_3|Diamond_1|Diamond_2|Diamond_3|Opal_1|Opal_2|Opal_3
Bronze_2,"8,000,000.00",Sapphire_1,12000000000,3|4|5|6|7|8|9|10|11|12|13,Bronze_2|Bronze_3|Silver_1|Silver_2|Silver_3|Gold_1|Gold_2|Gold_3|Emerald_1|Emerald_2|Emerald_3|Sapphire_1,Unranked|Bronze_1|Sapphire_3|Ruby_1|Ruby_2|Ruby_3|Diamond_1|Diamond_2|Diamond_3|Opal_1|Opal_2|Opal_3
Bronze_3,"8,000,000.00",Sapphire_1,12000000000,4|5|6|7|8|9|10|11|12|13,Bronze_3|Silver_1|Silver_2|Silver_3|Gold_1|Gold_2|Gold_3|Emerald_1|Emerald_2|Emerald_3|Sapphire_1,Unranked|Bronze_1|Bronze_2|Sapphire_3|Ruby_1|Ruby_2|Ruby_3|Diamond_1|Diamond_2|Diamond_3|Opal_1|Opal_2|Opal_3
Silver_1,"8,000,000.00",Sapphire_1,12000000000,5|6|7|8|9|10|11|12|13,Silver_1|Silver_2|Silver_3|Gold_1|Gold_2|Gold_3|Emerald_1|Emerald_2|Emerald_3|Sapphire_1,Unranked|Bronze_1|Bronze_2|Bronze_3|Sapphire_3|Ruby_1|Ruby_2|Ruby_3|Diamond_1|Diamond_2|Diamond_3|Opal_1|Opal_2|Opal_3
Silver_2,"8,000,000.00",Sapphire_1,12000000000,6|7|8|9|10|11|12|13,Silver_2|Silver_3|Gold_1|Gold_2|Gold_3|Emerald_1|Emerald_2|Emerald_3|Sapphire_1,Unranked|Bronze_1|Bronze_2|Bronze_3|Silver_1|Sapphire_3|Ruby_1|Ruby_2|Ruby_3|Diamond_1|Diamond_2|Diamond_3|Opal_1|Opal_2|Opal_3
Silver_3,"8,000,000.00",Sapphire_1,12000000000,7|8|9|10|11|12|13,Silver_3|Gold_1|Gold_2|Gold_3|Emerald_1|Emerald_2|Emerald_3|Sapphire_1,Unranked|Bronze_1|Bronze_2|Bronze_3|Silver_1|Silver_2|Sapphire_3|Ruby_1|Ruby_2|Ruby_3|Diamond_1|Diamond_2|Diamond_3|Opal_1|Opal_2|Opal_3
Gold_1,"8,000,000.00",Sapphire_1,12000000000,8|9|10|11|12|13,Gold_1|Gold_2|Gold_3|Emerald_1|Emerald_2|Emerald_3|Sapphire_1,Unranked|Bronze_1|Bronze_2|Bronze_3|Silver_1|Silver_2|Silver_3|Sapphire_3|Ruby_1|Ruby_2|Ruby_3|Diamond_1|Diamond_2|Diamond_3|Opal_1|Opal_2|Opal_3
Gold_2,"8,000,000.00",Sapphire_1,12000000000,9|10|11|12|13,Gold_2|Gold_3|Emerald_1|Emerald_2|Emerald_3|Sapphire_1,Unranked|Bronze_1|Bronze_2|Bronze_3|Silver_1|Silver_2|Silver_3|Gold_1|Sapphire_3|Ruby_1|Ruby_2|Ruby_3|Diamond_1|Diamond_2|Diamond_3|Opal_1|Opal_2|Opal_3
Gold_3,"8,000,000.00",Sapphire_1,12000000000,10|11|12|13,Gold_3|Emerald_1|Emerald_2|Emerald_3|Sapphire_1,Unranked|Bronze_1|Bronze_2|Bronze_3|Silver_1|Silver_2|Silver_3|Gold_1|Gold_2|Sapphire_3|Ruby_1|Ruby_2|Ruby_3|Diamond_1|Diamond_2|Diamond_3|Opal_1|Opal_2|Opal_3
Emerald_1,"8,000,000.00",Sapphire_1,12000000000,11|12|13,Emerald_1|Emerald_2|Emerald_3|Sapphire_1,Unranked|Bronze_1|Bronze_2|Bronze_3|Silver_1|Silver_2|Silver_3|Gold_1|Gold_2|Gold_3|Sapphire_3|Ruby_1|Ruby_2|Ruby_3|Diamond_1|Diamond_2|Diamond_3|Opal_1|Opal_2|Opal_3
Emerald_2,"8,000,000.00",Sapphire_1,12000000000,12|13,Emerald_2|Emerald_3|Sapphire_1,Unranked|Bronze_1|Bronze_2|Bronze_3|Silver_1|Silver_2|Silver_3|Gold_1|Gold_2|Gold_3|Emerald_1|Sapphire_3|Ruby_1|Ruby_2|Ruby_3|Diamond_1|Diamond_2|Diamond_3|Opal_1|Opal_2|Opal_3
Unranked_1,"14,000,000.00",Sapphire_2,21000000000,0|1|2|3|4|5|6|7|8|9|10|11|12|13|14,Unranked|Bronze_1|Bronze_2|Bronze_3|Silver_1|Silver_2|Silver_3|Gold_1|Gold_2|Gold_3|Emerald_1|Emerald_2|Emerald_3|Sapphire_1|Sapphire_2,Ruby_1|Ruby_2|Ruby_3|Diamond_1|Diamond_2|Diamond_3|Opal_1|Opal_2|Opal_3
Unranked_2,"14,000,000.00",Sapphire_2,21000000000,1|2|3|4|5|6|7|8|9|10|11|12|13|14,Unranked|Bronze_1|Bronze_2|Bronze_3|Silver_1|Silver_2|Silver_3|Gold_1|Gold_2|Gold_3|Emerald_1|Emerald_2|Emerald_3|Sapphire_1|Sapphire_2,Unranked|Ruby_1|Ruby_2|Ruby_3|Diamond_1|Diamond_2|Diamond_3|Opal_1|Opal_2|Opal_3
Bronze_1,"14,000,000.00",Sapphire_2,21000000000,2|3|4|5|6|7|8|9|10|11|12|13|14,Bronze_1|Bronze_2|Bronze_3|Silver_1|Silver_2|Silver_3|Gold_1|Gold_2|Gold_3|Emerald_1|Emerald_2|Emerald_3|Sapphire_1|Sapphire_2,Unranked|Ruby_1|Ruby_2|Ruby_3|Diamond_1|Diamond_2|Diamond_3|Opal_1|Opal_2|Opal_3
Bronze_2,"14,000,000.00",Sapphire_2,21000000000,3|4|5|6|7|8|9|10|11|12|13|14,Bronze_2|Bronze_3|Silver_1|Silver_2|Silver_3|Gold_1|Gold_2|Gold_3|Emerald_1|Emerald_2|Emerald_3|Sapphire_1|Sapphire_2,Unranked|Bronze_1|Ruby_1|Ruby_2|Ruby_3|Diamond_1|Diamond_2|Diamond_3|Opal_1|Opal_2|Opal_3
Bronze_3,"14,000,000.00",Sapphire_2,21000000000,4|5|6|7|8|9|10|11|12|13|14,Bronze_3|Silver_1|Silver_2|Silver_3|Gold_1|Gold_2|Gold_3|Emerald_1|Emerald_2|Emerald_3|Sapphire_1|Sapphire_2,Unranked|Bronze_1|Bronze_2|Ruby_1|Ruby_2|Ruby_3|Diamond_1|Diamond_2|Diamond_3|Opal_1|Opal_2|Opal_3
Silver_1,"14,000,000.00",Sapphire_2,21000000000,5|6|7|8|9|10|11|12|13|14,Silver_1|Silver_2|Silver_3|Gold_1|Gold_2|Gold_3|Emerald_1|Emerald_2|Emerald_3|Sapphire_1|Sapphire_2,Unranked|Bronze_1|Bronze_2|Bronze_3|Ruby_1|Ruby_2|Ruby_3|Diamond_1|Diamond_2|Diamond_3|Opal_1|Opal_2|Opal_3
Silver_2,"14,000,000.00",Sapphire_2,21000000000,6|7|8|9|10|11|12|13|14,Silver_2|Silver_3|Gold_1|Gold_2|Gold_3|Emerald_1|Emerald_2|Emerald_3|Sapphire_1|Sapphire_2,Unranked|Bronze_1|Bronze_2|Bronze_3|Silver_1|Ruby_1|Ruby_2|Ruby_3|Diamond_1|Diamond_2|Diamond_3|Opal_1|Opal_2|Opal_3
Silver_3,"14,000,000.00",Sapphire_2,21000000000,7|8|9|10|11|12|13|14,Silver_3|Gold_1|Gold_2|Gold_3|Emerald_1|Emerald_2|Emerald_3|Sapphire_1|Sapphire_2,Unranked|Bronze_1|Bronze_2|Bronze_3|Silver_1|Silver_2|Ruby_1|Ruby_2|Ruby_3|Diamond_1|Diamond_2|Diamond_3|Opal_1|Opal_2|Opal_3
Gold_1,"14,000,000.00",Sapphire_2,21000000000,8|9|10|11|12|13|14,Gold_1|Gold_2|Gold_3|Emerald_1|Emerald_2|Emerald_3|Sapphire_1|Sapphire_2,Unranked|Bronze_1|Bronze_2|Bronze_3|Silver_1|Silver_2|Silver_3|Ruby_1|Ruby_2|Ruby_3|Diamond_1|Diamond_2|Diamond_3|Opal_1|Opal_2|Opal_3
Gold_2,"14,000,000.00",Sapphire_2,21000000000,9|10|11|12|13|14,Gold_2|Gold_3|Emerald_1|Emerald_2|Emerald_3|Sapphire_1|Sapphire_2,Unranked|Bronze_1|Bronze_2|Bronze_3|Silver_1|Silver_2|Silver_3|Gold_1|Ruby_1|Ruby_2|Ruby_3|Diamond_1|Diamond_2|Diamond_3|Opal_1|Opal_2|Opal_3
Gold_3,"14,000,000.00",Sapphire_2,21000000000,10|11|12|13|14,Gold_3|Emerald_1|Emerald_2|Emerald_3|Sapphire_1|Sapphire_2,Unranked|Bronze_1|Bronze_2|Bronze_3|Silver_1|Silver_2|Silver_3|Gold_1|Gold_2|Ruby_1|Ruby_2|Ruby_3|Diamond_1|Diamond_2|Diamond_3|Opal_1|Opal_2|Opal_3
Emerald_1,"14,000,000.00",Sapphire_2,21000000000,11|12|13|14,Emerald_1|Emerald_2|Emerald_3|Sapphire_1|Sapphire_2,Unranked|Bronze_1|Bronze_2|Bronze_3|Silver_1|Silver_2|Silver_3|Gold_1|Gold_2|Gold_3|Ruby_1|Ruby_2|Ruby_3|Diamond_1|Diamond_2|Diamond_3|Opal_1|Opal_2|Opal_3
Emerald_2,"14,000,000.00",Sapphire_2,21000000000,12|13|14,Emerald_2|Emerald_3|Sapphire_1|Sapphire_2,Unranked|Bronze_1|Bronze_2|Bronze_3|Silver_1|Silver_2|Silver_3|Gold_1|Gold_2|Gold_3|Emerald_1|Ruby_1|Ruby_2|Ruby_3|Diamond_1|Diamond_2|Diamond_3|Opal_1|Opal_2|Opal_3
Emerald_3,"14,000,000.00",Sapphire_2,21000000000,13|14,Emerald_3|Sapphire_1|Sapphire_2,Unranked|Bronze_1|Bronze_2|Bronze_3|Silver_1|Silver_2|Silver_3|Gold_1|Gold_2|Gold_3|Emerald_1|Emerald_2|Ruby_1|Ruby_2|Ruby_3|Diamond_1|Diamond_2|Diamond_3|Opal_1|Opal_2|Opal_3
Unranked_1,"22,000,000.00",Sapphire_3,33000000000,0|1|2|3|4|5|6|7|8|9|10|11|12|13|14|15,Unranked|Bronze_1|Bronze_2|Bronze_3|Silver_1|Silver_2|Silver_3|Gold_1|Gold_2|Gold_3|Emerald_1|Emerald_2|Emerald_3|Sapphire_1|Sapphire_2|Sapphire_3,Ruby_2|Ruby_3|Diamond_1|Diamond_2|Diamond_3|Opal_1|Opal_2|Opal_3
Unranked_2,"22,000,000.00",Sapphire_3,33000000000,1|2|3|4|5|6|7|8|9|10|11|12|13|14|15,Unranked|Bronze_1|Bronze_2|Bronze_3|Silver_1|Silver_2|Silver_3|Gold_1|Gold_2|Gold_3|Emerald_1|Emerald_2|Emerald_3|Sapphire_1|Sapphire_2|Sapphire_3,Unranked|Ruby_2|Ruby_3|Diamond_1|Diamond_2|Diamond_3|Opal_1|Opal_2|Opal_3
Bronze_1,"22,000,000.00",Sapphire_3,33000000000,2|3|4|5|6|7|8|9|10|11|12|13|14|15,Bronze_1|Bronze_2|Bronze_3|Silver_1|Silver_2|Silver_3|Gold_1|Gold_2|Gold_3|Emerald_1|Emerald_2|Emerald_3|Sapphire_1|Sapphire_2|Sapphire_3,Unranked|Ruby_2|Ruby_3|Diamond_1|Diamond_2|Diamond_3|Opal_1|Opal_2|Opal_3
Bronze_2,"22,000,000.00",Sapphire_3,33000000000,3|4|5|6|7|8|9|10|11|12|13|14|15,Bronze_2|Bronze_3|Silver_1|Silver_2|Silver_3|Gold_1|Gold_2|Gold_3|Emerald_1|Emerald_2|Emerald_3|Sapphire_1|Sapphire_2|Sapphire_3,Unranked|Bronze_1|Ruby_2|Ruby_3|Diamond_1|Diamond_2|Diamond_3|Opal_1|Opal_2|Opal_3
Bronze_3,"22,000,000.00",Sapphire_3,33000000000,4|5|6|7|8|9|10|11|12|13|14|15,Bronze_3|Silver_1|Silver_2|Silver_3|Gold_1|Gold_2|Gold_3|Emerald_1|Emerald_2|Emerald_3|Sapphire_1|Sapphire_2|Sapphire_3,Unranked|Bronze_1|Bronze_2|Ruby_2|Ruby_3|Diamond_1|Diamond_2|Diamond_3|Opal_1|Opal_2|Opal_3
Silver_1,"22,000,000.00",Sapphire_3,33000000000,5|6|7|8|9|10|11|12|13|14|15,Silver_1|Silver_2|Silver_3|Gold_1|Gold_2|Gold_3|Emerald_1|Emerald_2|Emerald_3|Sapphire_1|Sapphire_2|Sapphire_3,Unranked|Bronze_1|Bronze_2|Bronze_3|Ruby_2|Ruby_3|Diamond_1|Diamond_2|Diamond_3|Opal_1|Opal_2|Opal_3
Silver_2,"22,000,000.00",Sapphire_3,33000000000,6|7|8|9|10|11|12|13|14|15,Silver_2|Silver_3|Gold_1|Gold_2|Gold_3|Emerald_1|Emerald_2|Emerald_3|Sapphire_1|Sapphire_2|Sapphire_3,Unranked|Bronze_1|Bronze_2|Bronze_3|Silver_1|Ruby_2|Ruby_3|Diamond_1|Diamond_2|Diamond_3|Opal_1|Opal_2|Opal_3
Silver_3,"22,000,000.00",Sapphire_3,33000000000,7|8|9|10|11|12|13|14|15,Silver_3|Gold_1|Gold_2|Gold_3|Emerald_1|Emerald_2|Emerald_3|Sapphire_1|Sapphire_2|Sapphire_3,Unranked|Bronze_1|Bronze_2|Bronze_3|Silver_1|Silver_2|Ruby_2|Ruby_3|Diamond_1|Diamond_2|Diamond_3|Opal_1|Opal_2|Opal_3
Gold_1,"22,000,000.00",Sapphire_3,33000000000,8|9|10|11|12|13|14|15,Gold_1|Gold_2|Gold_3|Emerald_1|Emerald_2|Emerald_3|Sapphire_1|Sapphire_2|Sapphire_3,Unranked|Bronze_1|Bronze_2|Bronze_3|Silver_1|Silver_2|Silver_3|Ruby_2|Ruby_3|Diamond_1|Diamond_2|Diamond_3|Opal_1|Opal_2|Opal_3
Gold_2,"22,000,000.00",Sapphire_3,33000000000,9|10|11|12|13|14|15,Gold_2|Gold_3|Emerald_1|Emerald_2|Emerald_3|Sapphire_1|Sapphire_2|Sapphire_3,Unranked|Bronze_1|Bronze_2|Bronze_3|Silver_1|Silver_2|Silver_3|Gold_1|Ruby_2|Ruby_3|Diamond_1|Diamond_2|Diamond_3|Opal_1|Opal_2|Opal_3
Gold_3,"22,000,000.00",Sapphire_3,33000000000,10|11|12|13|14|15,Gold_3|Emerald_1|Emerald_2|Emerald_3|Sapphire_1|Sapphire_2|Sapphire_3,Unranked|Bronze_1|Bronze_2|Bronze_3|Silver_1|Silver_2|Silver_3|Gold_1|Gold_2|Ruby_2|Ruby_3|Diamond_1|Diamond_2|Diamond_3|Opal_1|Opal_2|Opal_3
Emerald_1,"22,000,000.00",Sapphire_3,33000000000,11|12|13|14|15,Emerald_1|Emerald_2|Emerald_3|Sapphire_1|Sapphire_2|Sapphire_3,Unranked|Bronze_1|Bronze_2|Bronze_3|Silver_1|Silver_2|Silver_3|Gold_1|Gold_2|Gold_3|Ruby_2|Ruby_3|Diamond_1|Diamond_2|Diamond_3|Opal_1|Opal_2|Opal_3
Emerald_2,"22,000,000.00",Sapphire_3,33000000000,12|13|14|15,Emerald_2|Emerald_3|Sapphire_1|Sapphire_2|Sapphire_3,Unranked|Bronze_1|Bronze_2|Bronze_3|Silver_1|Silver_2|Silver_3|Gold_1|Gold_2|Gold_3|Emerald_1|Ruby_2|Ruby_3|Diamond_1|Diamond_2|Diamond_3|Opal_1|Opal_2|Opal_3
Emerald_3,"22,000,000.00",Sapphire_3,33000000000,13|14|15,Emerald_3|Sapphire_1|Sapphire_2|Sapphire_3,Unranked|Bronze_1|Bronze_2|Bronze_3|Silver_1|Silver_2|Silver_3|Gold_1|Gold_2|Gold_3|Emerald_1|Emerald_2|Ruby_2|Ruby_3|Diamond_1|Diamond_2|Diamond_3|Opal_1|Opal_2|Opal_3
Sapphire_1,"22,000,000.00",Sapphire_3,33000000000,14|15,Sapphire_1|Sapphire_2|Sapphire_3,Unranked|Bronze_1|Bronze_2|Bronze_3|Silver_1|Silver_2|Silver_3|Gold_1|Gold_2|Gold_3|Emerald_1|Emerald_2|Emerald_3|Ruby_2|Ruby_3|Diamond_1|Diamond_2|Diamond_3|Opal_1|Opal_2|Opal_3
Unranked_1,"37,000,000.00",Ruby_1,55500000000,0|1|2|3|4|5|6|7|8|9|10|11|12|13|14|15|16,Unranked|Bronze_1|Bronze_2|Bronze_3|Silver_1|Silver_2|Silver_3|Gold_1|Gold_2|Gold_3|Emerald_1|Emerald_2|Emerald_3|Sapphire_1|Sapphire_2|Sapphire_3|Ruby_1,Ruby_3|Diamond_1|Diamond_2|Diamond_3|Opal_1|Opal_2|Opal_3
Unranked_2,"37,000,000.00",Ruby_1,55500000000,1|2|3|4|5|6|7|8|9|10|11|12|13|14|15|16,Unranked|Bronze_1|Bronze_2|Bronze_3|Silver_1|Silver_2|Silver_3|Gold_1|Gold_2|Gold_3|Emerald_1|Emerald_2|Emerald_3|Sapphire_1|Sapphire_2|Sapphire_3|Ruby_1,Unranked|Ruby_3|Diamond_1|Diamond_2|Diamond_3|Opal_1|Opal_2|Opal_3
Bronze_1,"37,000,000.00",Ruby_1,55500000000,2|3|4|5|6|7|8|9|10|11|12|13|14|15|16,Bronze_1|Bronze_2|Bronze_3|Silver_1|Silver_2|Silver_3|Gold_1|Gold_2|Gold_3|Emerald_1|Emerald_2|Emerald_3|Sapphire_1|Sapphire_2|Sapphire_3|Ruby_1,Unranked|Ruby_3|Diamond_1|Diamond_2|Diamond_3|Opal_1|Opal_2|Opal_3
Bronze_2,"37,000,000.00",Ruby_1,55500000000,3|4|5|6|7|8|9|10|11|12|13|14|15|16,Bronze_2|Bronze_3|Silver_1|Silver_2|Silver_3|Gold_1|Gold_2|Gold_3|Emerald_1|Emerald_2|Emerald_3|Sapphire_1|Sapphire_2|Sapphire_3|Ruby_1,Unranked|Bronze_1|Ruby_3|Diamond_1|Diamond_2|Diamond_3|Opal_1|Opal_2|Opal_3
Bronze_3,"37,000,000.00",Ruby_1,55500000000,4|5|6|7|8|9|10|11|12|13|14|15|16,Bronze_3|Silver_1|Silver_2|Silver_3|Gold_1|Gold_2|Gold_3|Emerald_1|Emerald_2|Emerald_3|Sapphire_1|Sapphire_2|Sapphire_3|Ruby_1,Unranked|Bronze_1|Bronze_2|Ruby_3|Diamond_1|Diamond_2|Diamond_3|Opal_1|Opal_2|Opal_3
Silver_1,"37,000,000.00",Ruby_1,55500000000,5|6|7|8|9|10|11|12|13|14|15|16,Silver_1|Silver_2|Silver_3|Gold_1|Gold_2|Gold_3|Emerald_1|Emerald_2|Emerald_3|Sapphire_1|Sapphire_2|Sapphire_3|Ruby_1,Unranked|Bronze_1|Bronze_2|Bronze_3|Ruby_3|Diamond_1|Diamond_2|Diamond_3|Opal_1|Opal_2|Opal_3
Silver_2,"37,000,000.00",Ruby_1,55500000000,6|7|8|9|10|11|12|13|14|15|16,Silver_2|Silver_3|Gold_1|Gold_2|Gold_3|Emerald_1|Emerald_2|Emerald_3|Sapphire_1|Sapphire_2|Sapphire_3|Ruby_1,Unranked|Bronze_1|Bronze_2|Bronze_3|Silver_1|Ruby_3|Diamond_1|Diamond_2|Diamond_3|Opal_1|Opal_2|Opal_3
Silver_3,"37,000,000.00",Ruby_1,55500000000,7|8|9|10|11|12|13|14|15|16,Silver_3|Gold_1|Gold_2|Gold_3|Emerald_1|Emerald_2|Emerald_3|Sapphire_1|Sapphire_2|Sapphire_3|Ruby_1,Unranked|Bronze_1|Bronze_2|Bronze_3|Silver_1|Silver_2|Ruby_3|Diamond_1|Diamond_2|Diamond_3|Opal_1|Opal_2|Opal_3
Gold_1,"37,000,000.00",Ruby_1,55500000000,8|9|10|11|12|13|14|15|16,Gold_1|Gold_2|Gold_3|Emerald_1|Emerald_2|Emerald_3|Sapphire_1|Sapphire_2|Sapphire_3|Ruby_1,Unranked|Bronze_1|Bronze_2|Bronze_3|Silver_1|Silver_2|Silver_3|Ruby_3|Diamond_1|Diamond_2|Diamond_3|Opal_1|Opal_2|Opal_3
Gold_2,"37,000,000.00",Ruby_1,55500000000,9|10|11|12|13|14|15|16,Gold_2|Gold_3|Emerald_1|Emerald_2|Emerald_3|Sapphire_1|Sapphire_2|Sapphire_3|Ruby_1,Unranked|Bronze_1|Bronze_2|Bronze_3|Silver_1|Silver_2|Silver_3|Gold_1|Ruby_3|Diamond_1|Diamond_2|Diamond_3|Opal_1|Opal_2|Opal_3
Gold_3,"37,000,000.00",Ruby_1,55500000000,10|11|12|13|14|15|16,Gold_3|Emerald_1|Emerald_2|Emerald_3|Sapphire_1|Sapphire_2|Sapphire_3|Ruby_1,Unranked|Bronze_1|Bronze_2|Bronze_3|Silver_1|Silver_2|Silver_3|Gold_1|Gold_2|Ruby_3|Diamond_1|Diamond_2|Diamond_3|Opal_1|Opal_2|Opal_3
Emerald_1,"37,000,000.00",Ruby_1,55500000000,11|12|13|14|15|16,Emerald_1|Emerald_2|Emerald_3|Sapphire_1|Sapphire_2|Sapphire_3|Ruby_1,Unranked|Bronze_1|Bronze_2|Bronze_3|Silver_1|Silver_2|Silver_3|Gold_1|Gold_2|Gold_3|Ruby_3|Diamond_1|Diamond_2|Diamond_3|Opal_1|Opal_2|Opal_3
Emerald_2,"37,000,000.00",Ruby_1,55500000000,12|13|14|15|16,Emerald_2|Emerald_3|Sapphire_1|Sapphire_2|Sapphire_3|Ruby_1,Unranked|Bronze_1|Bronze_2|Bronze_3|Silver_1|Silver_2|Silver_3|Gold_1|Gold_2|Gold_3|Emerald_1|Ruby_3|Diamond_1|Diamond_2|Diamond_3|Opal_1|Opal_2|Opal_3
Emerald_3,"37,000,000.00",Ruby_1,55500000000,13|14|15|16,Emerald_3|Sapphire_1|Sapphire_2|Sapphire_3|Ruby_1,Unranked|Bronze_1|Bronze_2|Bronze_3|Silver_1|Silver_2|Silver_3|Gold_1|Gold_2|Gold_3|Emerald_1|Emerald_2|Ruby_3|Diamond_1|Diamond_2|Diamond_3|Opal_1|Opal_2|Opal_3
Sapphire_1,"37,000,000.00",Ruby_1,55500000000,14|15|16,Sapphire_1|Sapphire_2|Sapphire_3|Ruby_1,Unranked|Bronze_1|Bronze_2|Bronze_3|Silver_1|Silver_2|Silver_3|Gold_1|Gold_2|Gold_3|Emerald_1|Emerald_2|Emerald_3|Ruby_3|Diamond_1|Diamond_2|Diamond_3|Opal_1|Opal_2|Opal_3
Sapphire_2,"37,000,000.00",Ruby_1,55500000000,15|16,Sapphire_2|Sapphire_3|Ruby_1,Unranked|Bronze_1|Bronze_2|Bronze_3|Silver_1|Silver_2|Silver_3|Gold_1|Gold_2|Gold_3|Emerald_1|Emerald_2|Emerald_3|Sapphire_1|Ruby_3|Diamond_1|Diamond_2|Diamond_3|Opal_1|Opal_2|Opal_3
Unranked_1,"50,000,000.00",Ruby_2,75000000000,0|1|2|3|4|5|6|7|8|9|10|11|12|13|14|15|16|17,Unranked|Bronze_1|Bronze_2|Bronze_3|Silver_1|Silver_2|Silver_3|Gold_1|Gold_2|Gold_3|Emerald_1|Emerald_2|Emerald_3|Sapphire_1|Sapphire_2|Sapphire_3|Ruby_1|Ruby_2,Diamond_1|Diamond_2|Diamond_3|Opal_1|Opal_2|Opal_3
Unranked_2,"50,000,000.00",Ruby_2,75000000000,1|2|3|4|5|6|7|8|9|10|11|12|13|14|15|16|17,Unranked|Bronze_1|Bronze_2|Bronze_3|Silver_1|Silver_2|Silver_3|Gold_1|Gold_2|Gold_3|Emerald_1|Emerald_2|Emerald_3|Sapphire_1|Sapphire_2|Sapphire_3|Ruby_1|Ruby_2,Unranked|Diamond_1|Diamond_2|Diamond_3|Opal_1|Opal_2|Opal_3
Bronze_1,"50,000,000.00",Ruby_2,75000000000,2|3|4|5|6|7|8|9|10|11|12|13|14|15|16|17,Bronze_1|Bronze_2|Bronze_3|Silver_1|Silver_2|Silver_3|Gold_1|Gold_2|Gold_3|Emerald_1|Emerald_2|Emerald_3|Sapphire_1|Sapphire_2|Sapphire_3|Ruby_1|Ruby_2,Unranked|Diamond_1|Diamond_2|Diamond_3|Opal_1|Opal_2|Opal_3
Bronze_2,"50,000,000.00",Ruby_2,75000000000,3|4|5|6|7|8|9|10|11|12|13|14|15|16|17,Bronze_2|Bronze_3|Silver_1|Silver_2|Silver_3|Gold_1|Gold_2|Gold_3|Emerald_1|Emerald_2|Emerald_3|Sapphire_1|Sapphire_2|Sapphire_3|Ruby_1|Ruby_2,Unranked|Bronze_1|Diamond_1|Diamond_2|Diamond_3|Opal_1|Opal_2|Opal_3
Bronze_3,"50,000,000.00",Ruby_2,75000000000,4|5|6|7|8|9|10|11|12|13|14|15|16|17,Bronze_3|Silver_1|Silver_2|Silver_3|Gold_1|Gold_2|Gold_3|Emerald_1|Emerald_2|Emerald_3|Sapphire_1|Sapphire_2|Sapphire_3|Ruby_1|Ruby_2,Unranked|Bronze_1|Bronze_2|Diamond_1|Diamond_2|Diamond_3|Opal_1|Opal_2|Opal_3
Silver_1,"50,000,000.00",Ruby_2,75000000000,5|6|7|8|9|10|11|12|13|14|15|16|17,Silver_1|Silver_2|Silver_3|Gold_1|Gold_2|Gold_3|Emerald_1|Emerald_2|Emerald_3|Sapphire_1|Sapphire_2|Sapphire_3|Ruby_1|Ruby_2,Unranked|Bronze_1|Bronze_2|Bronze_3|Diamond_1|Diamond_2|Diamond_3|Opal_1|Opal_2|Opal_3
Silver_2,"50,000,000.00",Ruby_2,75000000000,6|7|8|9|10|11|12|13|14|15|16|17,Silver_2|Silver_3|Gold_1|Gold_2|Gold_3|Emerald_1|Emerald_2|Emerald_3|Sapphire_1|Sapphire_2|Sapphire_3|Ruby_1|Ruby_2,Unranked|Bronze_1|Bronze_2|Bronze_3|Silver_1|Diamond_1|Diamond_2|Diamond_3|Opal_1|Opal_2|Opal_3
Silver_3,"50,000,000.00",Ruby_2,75000000000,7|8|9|10|11|12|13|14|15|16|17,Silver_3|Gold_1|Gold_2|Gold_3|Emerald_1|Emerald_2|Emerald_3|Sapphire_1|Sapphire_2|Sapphire_3|Ruby_1|Ruby_2,Unranked|Bronze_1|Bronze_2|Bronze_3|Silver_1|Silver_2|Diamond_1|Diamond_2|Diamond_3|Opal_1|Opal_2|Opal_3
Gold_1,"50,000,000.00",Ruby_2,75000000000,8|9|10|11|12|13|14|15|16|17,Gold_1|Gold_2|Gold_3|Emerald_1|Emerald_2|Emerald_3|Sapphire_1|Sapphire_2|Sapphire_3|Ruby_1|Ruby_2,Unranked|Bronze_1|Bronze_2|Bronze_3|Silver_1|Silver_2|Silver_3|Diamond_1|Diamond_2|Diamond_3|Opal_1|Opal_2|Opal_3
Gold_2,"50,000,000.00",Ruby_2,75000000000,9|10|11|12|13|14|15|16|17,Gold_2|Gold_3|Emerald_1|Emerald_2|Emerald_3|Sapphire_1|Sapphire_2|Sapphire_3|Ruby_1|Ruby_2,Unranked|Bronze_1|Bronze_2|Bronze_3|Silver_1|Silver_2|Silver_3|Gold_1|Diamond_1|Diamond_2|Diamond_3|Opal_1|Opal_2|Opal_3
Gold_3,"50,000,000.00",Ruby_2,75000000000,10|11|12|13|14|15|16|17,Gold_3|Emerald_1|Emerald_2|Emerald_3|Sapphire_1|Sapphire_2|Sapphire_3|Ruby_1|Ruby_2,Unranked|Bronze_1|Bronze_2|Bronze_3|Silver_1|Silver_2|Silver_3|Gold_1|Gold_2|Diamond_1|Diamond_2|Diamond_3|Opal_1|Opal_2|Opal_3
Emerald_1,"50,000,000.00",Ruby_2,75000000000,11|12|13|14|15|16|17,Emerald_1|Emerald_2|Emerald_3|Sapphire_1|Sapphire_2|Sapphire_3|Ruby_1|Ruby_2,Unranked|Bronze_1|Bronze_2|Bronze_3|Silver_1|Silver_2|Silver_3|Gold_1|Gold_2|Gold_3|Diamond_1|Diamond_2|Diamond_3|Opal_1|Opal_2|Opal_3
Emerald_2,"50,000,000.00",Ruby_2,75000000000,12|13|14|15|16|17,Emerald_2|Emerald_3|Sapphire_1|Sapphire_2|Sapphire_3|Ruby_1|Ruby_2,Unranked|Bronze_1|Bronze_2|Bronze_3|Silver_1|Silver_2|Silver_3|Gold_1|Gold_2|Gold_3|Emerald_1|Diamond_1|Diamond_2|Diamond_3|Opal_1|Opal_2|Opal_3
Emerald_3,"50,000,000.00",Ruby_2,75000000000,13|14|15|16|17,Emerald_3|Sapphire_1|Sapphire_2|Sapphire_3|Ruby_1|Ruby_2,Unranked|Bronze_1|Bronze_2|Bronze_3|Silver_1|Silver_2|Silver_3|Gold_1|Gold_2|Gold_3|Emerald_1|Emerald_2|Diamond_1|Diamond_2|Diamond_3|Opal_1|Opal_2|Opal_3
Sapphire_1,"50,000,000.00",Ruby_2,75000000000,14|15|16|17,Sapphire_1|Sapphire_2|Sapphire_3|Ruby_1|Ruby_2,Unranked|Bronze_1|Bronze_2|Bronze_3|Silver_1|Silver_2|Silver_3|Gold_1|Gold_2|Gold_3|Emerald_1|Emerald_2|Emerald_3|Diamond_1|Diamond_2|Diamond_3|Opal_1|Opal_2|Opal_3
Sapphire_2,"50,000,000.00",Ruby_2,75000000000,15|16|17,Sapphire_2|Sapphire_3|Ruby_1|Ruby_2,Unranked|Bronze_1|Bronze_2|Bronze_3|Silver_1|Silver_2|Silver_3|Gold_1|Gold_2|Gold_3|Emerald_1|Emerald_2|Emerald_3|Sapphire_1|Diamond_1|Diamond_2|Diamond_3|Opal_1|Opal_2|Opal_3
Sapphire_3,"37,000,000.00",Ruby_2,75000000000,16|17,Sapphire_3|Ruby_1|Ruby_2,Unranked|Bronze_1|Bronze_2|Bronze_3|Silver_1|Silver_2|Silver_3|Gold_1|Gold_2|Gold_3|Emerald_1|Emerald_2|Emerald_3|Sapphire_1|Sapphire_2|Diamond_1|Diamond_2|Diamond_3|Opal_1|Opal_2|Opal_3
Unranked_1,"75,000,000.00",Ruby_3,112500000000,0|1|2|3|4|5|6|7|8|9|10|11|12|13|14|15|16|17|18,Unranked|Bronze_1|Bronze_2|Bronze_3|Silver_1|Silver_2|Silver_3|Gold_1|Gold_2|Gold_3|Emerald_1|Emerald_2|Emerald_3|Sapphire_1|Sapphire_2|Sapphire_3|Ruby_1|Ruby_2|Ruby_3,Diamond_2|Diamond_3|Opal_1|Opal_2|Opal_3
Unranked_2,"75,000,000.00",Ruby_3,112500000000,1|2|3|4|5|6|7|8|9|10|11|12|13|14|15|16|17|18,Unranked|Bronze_1|Bronze_2|Bronze_3|Silver_1|Silver_2|Silver_3|Gold_1|Gold_2|Gold_3|Emerald_1|Emerald_2|Emerald_3|Sapphire_1|Sapphire_2|Sapphire_3|Ruby_1|Ruby_2|Ruby_3,Unranked|Diamond_2|Diamond_3|Opal_1|Opal_2|Opal_3
Bronze_1,"75,000,000.00",Ruby_3,112500000000,2|3|4|5|6|7|8|9|10|11|12|13|14|15|16|17|18,Bronze_1|Bronze_2|Bronze_3|Silver_1|Silver_2|Silver_3|Gold_1|Gold_2|Gold_3|Emerald_1|Emerald_2|Emerald_3|Sapphire_1|Sapphire_2|Sapphire_3|Ruby_1|Ruby_2|Ruby_3,Unranked|Diamond_2|Diamond_3|Opal_1|Opal_2|Opal_3
Bronze_2,"75,000,000.00",Ruby_3,112500000000,3|4|5|6|7|8|9|10|11|12|13|14|15|16|17|18,Bronze_2|Bronze_3|Silver_1|Silver_2|Silver_3|Gold_1|Gold_2|Gold_3|Emerald_1|Emerald_2|Emerald_3|Sapphire_1|Sapphire_2|Sapphire_3|Ruby_1|Ruby_2|Ruby_3,Unranked|Bronze_1|Diamond_2|Diamond_3|Opal_1|Opal_2|Opal_3
Bronze_3,"75,000,000.00",Ruby_3,112500000000,4|5|6|7|8|9|10|11|12|13|14|15|16|17|18,Bronze_3|Silver_1|Silver_2|Silver_3|Gold_1|Gold_2|Gold_3|Emerald_1|Emerald_2|Emerald_3|Sapphire_1|Sapphire_2|Sapphire_3|Ruby_1|Ruby_2|Ruby_3,Unranked|Bronze_1|Bronze_2|Diamond_2|Diamond_3|Opal_1|Opal_2|Opal_3
Silver_1,"75,000,000.00",Ruby_3,112500000000,5|6|7|8|9|10|11|12|13|14|15|16|17|18,Silver_1|Silver_2|Silver_3|Gold_1|Gold_2|Gold_3|Emerald_1|Emerald_2|Emerald_3|Sapphire_1|Sapphire_2|Sapphire_3|Ruby_1|Ruby_2|Ruby_3,Unranked|Bronze_1|Bronze_2|Bronze_3|Diamond_2|Diamond_3|Opal_1|Opal_2|Opal_3
Silver_2,"75,000,000.00",Ruby_3,112500000000,6|7|8|9|10|11|12|13|14|15|16|17|18,Silver_2|Silver_3|Gold_1|Gold_2|Gold_3|Emerald_1|Emerald_2|Emerald_3|Sapphire_1|Sapphire_2|Sapphire_3|Ruby_1|Ruby_2|Ruby_3,Unranked|Bronze_1|Bronze_2|Bronze_3|Silver_1|Diamond_2|Diamond_3|Opal_1|Opal_2|Opal_3
Silver_3,"75,000,000.00",Ruby_3,112500000000,7|8|9|10|11|12|13|14|15|16|17|18,Silver_3|Gold_1|Gold_2|Gold_3|Emerald_1|Emerald_2|Emerald_3|Sapphire_1|Sapphire_2|Sapphire_3|Ruby_1|Ruby_2|Ruby_3,Unranked|Bronze_1|Bronze_2|Bronze_3|Silver_1|Silver_2|Diamond_2|Diamond_3|Opal_1|Opal_2|Opal_3
Gold_1,"75,000,000.00",Ruby_3,112500000000,8|9|10|11|12|13|14|15|16|17|18,Gold_1|Gold_2|Gold_3|Emerald_1|Emerald_2|Emerald_3|Sapphire_1|Sapphire_2|Sapphire_3|Ruby_1|Ruby_2|Ruby_3,Unranked|Bronze_1|Bronze_2|Bronze_3|Silver_1|Silver_2|Silver_3|Diamond_2|Diamond_3|Opal_1|Opal_2|Opal_3
Gold_2,"75,000,000.00",Ruby_3,112500000000,9|10|11|12|13|14|15|16|17|18,Gold_2|Gold_3|Emerald_1|Emerald_2|Emerald_3|Sapphire_1|Sapphire_2|Sapphire_3|Ruby_1|Ruby_2|Ruby_3,Unranked|Bronze_1|Bronze_2|Bronze_3|Silver_1|Silver_2|Silver_3|Gold_1|Diamond_2|Diamond_3|Opal_1|Opal_2|Opal_3
Gold_3,"75,000,000.00",Ruby_3,112500000000,10|11|12|13|14|15|16|17|18,Gold_3|Emerald_1|Emerald_2|Emerald_3|Sapphire_1|Sapphire_2|Sapphire_3|Ruby_1|Ruby_2|Ruby_3,Unranked|Bronze_1|Bronze_2|Bronze_3|Silver_1|Silver_2|Silver_3|Gold_1|Gold_2|Diamond_2|Diamond_3|Opal_1|Opal_2|Opal_3
Emerald_1,"75,000,000.00",Ruby_3,112500000000,11|12|13|14|15|16|17|18,Emerald_1|Emerald_2|Emerald_3|Sapphire_1|Sapphire_2|Sapphire_3|Ruby_1|Ruby_2|Ruby_3,Unranked|Bronze_1|Bronze_2|Bronze_3|Silver_1|Silver_2|Silver_3|Gold_1|Gold_2|Gold_3|Diamond_2|Diamond_3|Opal_1|Opal_2|Opal_3
Emerald_2,"75,000,000.00",Ruby_3,112500000000,12|13|14|15|16|17|18,Emerald_2|Emerald_3|Sapphire_1|Sapphire_2|Sapphire_3|Ruby_1|Ruby_2|Ruby_3,Unranked|Bronze_1|Bronze_2|Bronze_3|Silver_1|Silver_2|Silver_3|Gold_1|Gold_2|Gold_3|Emerald_1|Diamond_2|Diamond_3|Opal_1|Opal_2|Opal_3
Emerald_3,"75,000,000.00",Ruby_3,112500000000,13|14|15|16|17|18,Emerald_3|Sapphire_1|Sapphire_2|Sapphire_3|Ruby_1|Ruby_2|Ruby_3,Unranked|Bronze_1|Bronze_2|Bronze_3|Silver_1|Silver_2|Silver_3|Gold_1|Gold_2|Gold_3|Emerald_1|Emerald_2|Diamond_2|Diamond_3|Opal_1|Opal_2|Opal_3
Sapphire_1,"75,000,000.00",Ruby_3,112500000000,14|15|16|17|18,Sapphire_1|Sapphire_2|Sapphire_3|Ruby_1|Ruby_2|Ruby_3,Unranked|Bronze_1|Bronze_2|Bronze_3|Silver_1|Silver_2|Silver_3|Gold_1|Gold_2|Gold_3|Emerald_1|Emerald_2|Emerald_3|Diamond_2|Diamond_3|Opal_1|Opal_2|Opal_3
Sapphire_2,"75,000,000.00",Ruby_3,112500000000,15|16|17|18,Sapphire_2|Sapphire_3|Ruby_1|Ruby_2|Ruby_3,Unranked|Bronze_1|Bronze_2|Bronze_3|Silver_1|Silver_2|Silver_3|Gold_1|Gold_2|Gold_3|Emerald_1|Emerald_2|Emerald_3|Sapphire_1|Diamond_2|Diamond_3|Opal_1|Opal_2|Opal_3
Sapphire_3,"75,000,000.00",Ruby_3,112500000000,16|17|18,Sapphire_3|Ruby_1|Ruby_2|Ruby_3,Unranked|Bronze_1|Bronze_2|Bronze_3|Silver_1|Silver_2|Silver_3|Gold_1|Gold_2|Gold_3|Emerald_1|Emerald_2|Emerald_3|Sapphire_1|Sapphire_2|Diamond_2|Diamond_3|Opal_1|Opal_2|Opal_3
Ruby_1,"75,000,000.00",Ruby_3,112500000000,17|18,Ruby_1|Ruby_2|Ruby_3,Unranked|Bronze_1|Bronze_2|Bronze_3|Silver_1|Silver_2|Silver_3|Gold_1|Gold_2|Gold_3|Emerald_1|Emerald_2|Emerald_3|Sapphire_1|Sapphire_2|Sapphire_3|Diamond_2|Diamond_3|Opal_1|Opal_2|Opal_3
Unranked_1,"150,000,000.00",Diamond_1,225000000000,0|1|2|3|4|5|6|7|8|9|10|11|12|13|14|15|16|17|18|19,Unranked|Bronze_1|Bronze_2|Bronze_3|Silver_1|Silver_2|Silver_3|Gold_1|Gold_2|Gold_3|Emerald_1|Emerald_2|Emerald_3|Sapphire_1|Sapphire_2|Sapphire_3|Ruby_1|Ruby_2|Ruby_3|Diamond_1,Diamond_3|Opal_1|Opal_2|Opal_3
Unranked_2,"150,000,000.00",Diamond_1,225000000000,1|2|3|4|5|6|7|8|9|10|11|12|13|14|15|16|17|18|19,Unranked|Bronze_1|Bronze_2|Bronze_3|Silver_1|Silver_2|Silver_3|Gold_1|Gold_2|Gold_3|Emerald_1|Emerald_2|Emerald_3|Sapphire_1|Sapphire_2|Sapphire_3|Ruby_1|Ruby_2|Ruby_3|Diamond_1,Unranked|Diamond_3|Opal_1|Opal_2|Opal_3
Bronze_1,"150,000,000.00",Diamond_1,225000000000,2|3|4|5|6|7|8|9|10|11|12|13|14|15|16|17|18|19,Bronze_1|Bronze_2|Bronze_3|Silver_1|Silver_2|Silver_3|Gold_1|Gold_2|Gold_3|Emerald_1|Emerald_2|Emerald_3|Sapphire_1|Sapphire_2|Sapphire_3|Ruby_1|Ruby_2|Ruby_3|Diamond_1,Unranked|Diamond_3|Opal_1|Opal_2|Opal_3
Bronze_2,"150,000,000.00",Diamond_1,225000000000,3|4|5|6|7|8|9|10|11|12|13|14|15|16|17|18|19,Bronze_2|Bronze_3|Silver_1|Silver_2|Silver_3|Gold_1|Gold_2|Gold_3|Emerald_1|Emerald_2|Emerald_3|Sapphire_1|Sapphire_2|Sapphire_3|Ruby_1|Ruby_2|Ruby_3|Diamond_1,Unranked|Bronze_1|Diamond_3|Opal_1|Opal_2|Opal_3
Bronze_3,"150,000,000.00",Diamond_1,225000000000,4|5|6|7|8|9|10|11|12|13|14|15|16|17|18|19,Bronze_3|Silver_1|Silver_2|Silver_3|Gold_1|Gold_2|Gold_3|Emerald_1|Emerald_2|Emerald_3|Sapphire_1|Sapphire_2|Sapphire_3|Ruby_1|Ruby_2|Ruby_3|Diamond_1,Unranked|Bronze_1|Bronze_2|Diamond_3|Opal_1|Opal_2|Opal_3
Silver_1,"150,000,000.00",Diamond_1,225000000000,5|6|7|8|9|10|11|12|13|14|15|16|17|18|19,Silver_1|Silver_2|Silver_3|Gold_1|Gold_2|Gold_3|Emerald_1|Emerald_2|Emerald_3|Sapphire_1|Sapphire_2|Sapphire_3|Ruby_1|Ruby_2|Ruby_3|Diamond_1,Unranked|Bronze_1|Bronze_2|Bronze_3|Diamond_3|Opal_1|Opal_2|Opal_3
Silver_2,"150,000,000.00",Diamond_1,225000000000,6|7|8|9|10|11|12|13|14|15|16|17|18|19,Silver_2|Silver_3|Gold_1|Gold_2|Gold_3|Emerald_1|Emerald_2|Emerald_3|Sapphire_1|Sapphire_2|Sapphire_3|Ruby_1|Ruby_2|Ruby_3|Diamond_1,Unranked|Bronze_1|Bronze_2|Bronze_3|Silver_1|Diamond_3|Opal_1|Opal_2|Opal_3
Silver_3,"150,000,000.00",Diamond_1,225000000000,7|8|9|10|11|12|13|14|15|16|17|18|19,Silver_3|Gold_1|Gold_2|Gold_3|Emerald_1|Emerald_2|Emerald_3|Sapphire_1|Sapphire_2|Sapphire_3|Ruby_1|Ruby_2|Ruby_3|Diamond_1,Unranked|Bronze_1|Bronze_2|Bronze_3|Silver_1|Silver_2|Diamond_3|Opal_1|Opal_2|Opal_3
Gold_1,"150,000,000.00",Diamond_1,225000000000,8|9|10|11|12|13|14|15|16|17|18|19,Gold_1|Gold_2|Gold_3|Emerald_1|Emerald_2|Emerald_3|Sapphire_1|Sapphire_2|Sapphire_3|Ruby_1|Ruby_2|Ruby_3|Diamond_1,Unranked|Bronze_1|Bronze_2|Bronze_3|Silver_1|Silver_2|Silver_3|Diamond_3|Opal_1|Opal_2|Opal_3
Gold_2,"150,000,000.00",Diamond_1,225000000000,9|10|11|12|13|14|15|16|17|18|19,Gold_2|Gold_3|Emerald_1|Emerald_2|Emerald_3|Sapphire_1|Sapphire_2|Sapphire_3|Ruby_1|Ruby_2|Ruby_3|Diamond_1,Unranked|Bronze_1|Bronze_2|Bronze_3|Silver_1|Silver_2|Silver_3|Gold_1|Diamond_3|Opal_1|Opal_2|Opal_3
Gold_3,"150,000,000.00",Diamond_1,225000000000,10|11|12|13|14|15|16|17|18|19,Gold_3|Emerald_1|Emerald_2|Emerald_3|Sapphire_1|Sapphire_2|Sapphire_3|Ruby_1|Ruby_2|Ruby_3|Diamond_1,Unranked|Bronze_1|Bronze_2|Bronze_3|Silver_1|Silver_2|Silver_3|Gold_1|Gold_2|Diamond_3|Opal_1|Opal_2|Opal_3
Emerald_1,"150,000,000.00",Diamond_1,225000000000,11|12|13|14|15|16|17|18|19,Emerald_1|Emerald_2|Emerald_3|Sapphire_1|Sapphire_2|Sapphire_3|Ruby_1|Ruby_2|Ruby_3|Diamond_1,Unranked|Bronze_1|Bronze_2|Bronze_3|Silver_1|Silver_2|Silver_3|Gold_1|Gold_2|Gold_3|Diamond_3|Opal_1|Opal_2|Opal_3
Emerald_2,"150,000,000.00",Diamond_1,225000000000,12|13|14|15|16|17|18|19,Emerald_2|Emerald_3|Sapphire_1|Sapphire_2|Sapphire_3|Ruby_1|Ruby_2|Ruby_3|Diamond_1,Unranked|Bronze_1|Bronze_2|Bronze_3|Silver_1|Silver_2|Silver_3|Gold_1|Gold_2|Gold_3|Emerald_1|Diamond_3|Opal_1|Opal_2|Opal_3
Emerald_3,"150,000,000.00",Diamond_1,225000000000,13|14|15|16|17|18|19,Emerald_3|Sapphire_1|Sapphire_2|Sapphire_3|Ruby_1|Ruby_2|Ruby_3|Diamond_1,Unranked|Bronze_1|Bronze_2|Bronze_3|Silver_1|Silver_2|Silver_3|Gold_1|Gold_2|Gold_3|Emerald_1|Emerald_2|Diamond_3|Opal_1|Opal_2|Opal_3
Sapphire_1,"150,000,000.00",Diamond_1,225000000000,14|15|16|17|18|19,Sapphire_1|Sapphire_2|Sapphire_3|Ruby_1|Ruby_2|Ruby_3|Diamond_1,Unranked|Bronze_1|Bronze_2|Bronze_3|Silver_1|Silver_2|Silver_3|Gold_1|Gold_2|Gold_3|Emerald_1|Emerald_2|Emerald_3|Diamond_3|Opal_1|Opal_2|Opal_3
Sapphire_2,"150,000,000.00",Diamond_1,225000000000,15|16|17|18|19,Sapphire_2|Sapphire_3|Ruby_1|Ruby_2|Ruby_3|Diamond_1,Unranked|Bronze_1|Bronze_2|Bronze_3|Silver_1|Silver_2|Silver_3|Gold_1|Gold_2|Gold_3|Emerald_1|Emerald_2|Emerald_3|Sapphire_1|Diamond_3|Opal_1|Opal_2|Opal_3
Sapphire_3,"150,000,000.00",Diamond_1,225000000000,16|17|18|19,Sapphire_3|Ruby_1|Ruby_2|Ruby_3|Diamond_1,Unranked|Bronze_1|Bronze_2|Bronze_3|Silver_1|Silver_2|Silver_3|Gold_1|Gold_2|Gold_3|Emerald_1|Emerald_2|Emerald_3|Sapphire_1|Sapphire_2|Diamond_3|Opal_1|Opal_2|Opal_3
Ruby_1,"150,000,000.00",Diamond_1,225000000000,17|18|19,Ruby_1|Ruby_2|Ruby_3|Diamond_1,Unranked|Bronze_1|Bronze_2|Bronze_3|Silver_1|Silver_2|Silver_3|Gold_1|Gold_2|Gold_3|Emerald_1|Emerald_2|Emerald_3|Sapphire_1|Sapphire_2|Sapphire_3|Diamond_3|Opal_1|Opal_2|Opal_3
Ruby_2,"150,000,000.00",Diamond_1,225000000000,18|19,Ruby_2|Ruby_3|Diamond_1,Unranked|Bronze_1|Bronze_2|Bronze_3|Silver_1|Silver_2|Silver_3|Gold_1|Gold_2|Gold_3|Emerald_1|Emerald_2|Emerald_3|Sapphire_1|Sapphire_2|Sapphire_3|Ruby_1|Diamond_3|Opal_1|Opal_2|Opal_3
Unranked_1,"300,000,000.00",Diamond_2,450000000000,0|1|2|3|4|5|6|7|8|9|10|11|12|13|14|15|16|17|18|19|20,Unranked|Bronze_1|Bronze_2|Bronze_3|Silver_1|Silver_2|Silver_3|Gold_1|Gold_2|Gold_3|Emerald_1|Emerald_2|Emerald_3|Sapphire_1|Sapphire_2|Sapphire_3|Ruby_1|Ruby_2|Ruby_3|Diamond_1|Diamond_2,Opal_1|Opal_2|Opal_3
Unranked_2,"300,000,000.00",Diamond_2,450000000000,1|2|3|4|5|6|7|8|9|10|11|12|13|14|15|16|17|18|19|20,Unranked|Bronze_1|Bronze_2|Bronze_3|Silver_1|Silver_2|Silver_3|Gold_1|Gold_2|Gold_3|Emerald_1|Emerald_2|Emerald_3|Sapphire_1|Sapphire_2|Sapphire_3|Ruby_1|Ruby_2|Ruby_3|Diamond_1|Diamond_2,Unranked|Opal_1|Opal_2|Opal_3
Bronze_1,"300,000,000.00",Diamond_2,450000000000,2|3|4|5|6|7|8|9|10|11|12|13|14|15|16|17|18|19|20,Bronze_1|Bronze_2|Bronze_3|Silver_1|Silver_2|Silver_3|Gold_1|Gold_2|Gold_3|Emerald_1|Emerald_2|Emerald_3|Sapphire_1|Sapphire_2|Sapphire_3|Ruby_1|Ruby_2|Ruby_3|Diamond_1|Diamond_2,Unranked|Opal_1|Opal_2|Opal_3
Bronze_2,"300,000,000.00",Diamond_2,450000000000,3|4|5|6|7|8|9|10|11|12|13|14|15|16|17|18|19|20,Bronze_2|Bronze_3|Silver_1|Silver_2|Silver_3|Gold_1|Gold_2|Gold_3|Emerald_1|Emerald_2|Emerald_3|Sapphire_1|Sapphire_2|Sapphire_3|Ruby_1|Ruby_2|Ruby_3|Diamond_1|Diamond_2,Unranked|Bronze_1|Opal_1|Opal_2|Opal_3
Bronze_3,"300,000,000.00",Diamond_2,450000000000,4|5|6|7|8|9|10|11|12|13|14|15|16|17|18|19|20,Bronze_3|Silver_1|Silver_2|Silver_3|Gold_1|Gold_2|Gold_3|Emerald_1|Emerald_2|Emerald_3|Sapphire_1|Sapphire_2|Sapphire_3|Ruby_1|Ruby_2|Ruby_3|Diamond_1|Diamond_2,Unranked|Bronze_1|Bronze_2|Opal_1|Opal_2|Opal_3
Silver_1,"300,000,000.00",Diamond_2,450000000000,5|6|7|8|9|10|11|12|13|14|15|16|17|18|19|20,Silver_1|Silver_2|Silver_3|Gold_1|Gold_2|Gold_3|Emerald_1|Emerald_2|Emerald_3|Sapphire_1|Sapphire_2|Sapphire_3|Ruby_1|Ruby_2|Ruby_3|Diamond_1|Diamond_2,Unranked|Bronze_1|Bronze_2|Bronze_3|Opal_1|Opal_2|Opal_3
Silver_2,"300,000,000.00",Diamond_2,450000000000,6|7|8|9|10|11|12|13|14|15|16|17|18|19|20,Silver_2|Silver_3|Gold_1|Gold_2|Gold_3|Emerald_1|Emerald_2|Emerald_3|Sapphire_1|Sapphire_2|Sapphire_3|Ruby_1|Ruby_2|Ruby_3|Diamond_1|Diamond_2,Unranked|Bronze_1|Bronze_2|Bronze_3|Silver_1|Opal_1|Opal_2|Opal_3
Silver_3,"300,000,000.00",Diamond_2,450000000000,7|8|9|10|11|12|13|14|15|16|17|18|19|20,Silver_3|Gold_1|Gold_2|Gold_3|Emerald_1|Emerald_2|Emerald_3|Sapphire_1|Sapphire_2|Sapphire_3|Ruby_1|Ruby_2|Ruby_3|Diamond_1|Diamond_2,Unranked|Bronze_1|Bronze_2|Bronze_3|Silver_1|Silver_2|Opal_1|Opal_2|Opal_3
Gold_1,"300,000,000.00",Diamond_2,450000000000,8|9|10|11|12|13|14|15|16|17|18|19|20,Gold_1|Gold_2|Gold_3|Emerald_1|Emerald_2|Emerald_3|Sapphire_1|Sapphire_2|Sapphire_3|Ruby_1|Ruby_2|Ruby_3|Diamond_1|Diamond_2,Unranked|Bronze_1|Bronze_2|Bronze_3|Silver_1|Silver_2|Silver_3|Opal_1|Opal_2|Opal_3
Gold_2,"300,000,000.00",Diamond_2,450000000000,9|10|11|12|13|14|15|16|17|18|19|20,Gold_2|Gold_3|Emerald_1|Emerald_2|Emerald_3|Sapphire_1|Sapphire_2|Sapphire_3|Ruby_1|Ruby_2|Ruby_3|Diamond_1|Diamond_2,Unranked|Bronze_1|Bronze_2|Bronze_3|Silver_1|Silver_2|Silver_3|Gold_1|Opal_1|Opal_2|Opal_3
Gold_3,"300,000,000.00",Diamond_2,450000000000,10|11|12|13|14|15|16|17|18|19|20,Gold_3|Emerald_1|Emerald_2|Emerald_3|Sapphire_1|Sapphire_2|Sapphire_3|Ruby_1|Ruby_2|Ruby_3|Diamond_1|Diamond_2,Unranked|Bronze_1|Bronze_2|Bronze_3|Silver_1|Silver_2|Silver_3|Gold_1|Gold_2|Opal_1|Opal_2|Opal_3
Emerald_1,"300,000,000.00",Diamond_2,450000000000,11|12|13|14|15|16|17|18|19|20,Emerald_1|Emerald_2|Emerald_3|Sapphire_1|Sapphire_2|Sapphire_3|Ruby_1|Ruby_2|Ruby_3|Diamond_1|Diamond_2,Unranked|Bronze_1|Bronze_2|Bronze_3|Silver_1|Silver_2|Silver_3|Gold_1|Gold_2|Gold_3|Opal_1|Opal_2|Opal_3
Emerald_2,"300,000,000.00",Diamond_2,450000000000,12|13|14|15|16|17|18|19|20,Emerald_2|Emerald_3|Sapphire_1|Sapphire_2|Sapphire_3|Ruby_1|Ruby_2|Ruby_3|Diamond_1|Diamond_2,Unranked|Bronze_1|Bronze_2|Bronze_3|Silver_1|Silver_2|Silver_3|Gold_1|Gold_2|Gold_3|Emerald_1|Opal_1|Opal_2|Opal_3
Emerald_3,"300,000,000.00",Diamond_2,450000000000,13|14|15|16|17|18|19|20,Emerald_3|Sapphire_1|Sapphire_2|Sapphire_3|Ruby_1|Ruby_2|Ruby_3|Diamond_1|Diamond_2,Unranked|Bronze_1|Bronze_2|Bronze_3|Silver_1|Silver_2|Silver_3|Gold_1|Gold_2|Gold_3|Emerald_1|Emerald_2|Opal_1|Opal_2|Opal_3
Sapphire_1,"300,000,000.00",Diamond_2,450000000000,14|15|16|17|18|19|20,Sapphire_1|Sapphire_2|Sapphire_3|Ruby_1|Ruby_2|Ruby_3|Diamond_1|Diamond_2,Unranked|Bronze_1|Bronze_2|Bronze_3|Silver_1|Silver_2|Silver_3|Gold_1|Gold_2|Gold_3|Emerald_1|Emerald_2|Emerald_3|Opal_1|Opal_2|Opal_3
Sapphire_2,"300,000,000.00",Diamond_2,450000000000,15|16|17|18|19|20,Sapphire_2|Sapphire_3|Ruby_1|Ruby_2|Ruby_3|Diamond_1|Diamond_2,Unranked|Bronze_1|Bronze_2|Bronze_3|Silver_1|Silver_2|Silver_3|Gold_1|Gold_2|Gold_3|Emerald_1|Emerald_2|Emerald_3|Sapphire_1|Opal_1|Opal_2|Opal_3
Sapphire_3,"300,000,000.00",Diamond_2,450000000000,16|17|18|19|20,Sapphire_3|Ruby_1|Ruby_2|Ruby_3|Diamond_1|Diamond_2,Unranked|Bronze_1|Bronze_2|Bronze_3|Silver_1|Silver_2|Silver_3|Gold_1|Gold_2|Gold_3|Emerald_1|Emerald_2|Emerald_3|Sapphire_1|Sapphire_2|Opal_1|Opal_2|Opal_3
Ruby_1,"300,000,000.00",Diamond_2,450000000000,17|18|19|20,Ruby_1|Ruby_2|Ruby_3|Diamond_1|Diamond_2,Unranked|Bronze_1|Bronze_2|Bronze_3|Silver_1|Silver_2|Silver_3|Gold_1|Gold_2|Gold_3|Emerald_1|Emerald_2|Emerald_3|Sapphire_1|Sapphire_2|Sapphire_3|Opal_1|Opal_2|Opal_3
Ruby_2,"300,000,000.00",Diamond_2,450000000000,18|19|20,Ruby_2|Ruby_3|Diamond_1|Diamond_2,Unranked|Bronze_1|Bronze_2|Bronze_3|Silver_1|Silver_2|Silver_3|Gold_1|Gold_2|Gold_3|Emerald_1|Emerald_2|Emerald_3|Sapphire_1|Sapphire_2|Sapphire_3|Ruby_1|Opal_1|Opal_2|Opal_3
Ruby_3,"300,000,000.00",Diamond_2,450000000000,19|20,Ruby_3|Diamond_1|Diamond_2,Unranked|Bronze_1|Bronze_2|Bronze_3|Silver_1|Silver_2|Silver_3|Gold_1|Gold_2|Gold_3|Emerald_1|Emerald_2|Emerald_3|Sapphire_1|Sapphire_2|Sapphire_3|Ruby_1|Ruby_2|Opal_1|Opal_2|Opal_3
Unranked_1,"600,000,000.00",Diamond_3,900000000000,0|1|2|3|4|5|6|7|8|9|10|11|12|13|14|15|16|17|18|19|20|21,Unranked|Bronze_1|Bronze_2|Bronze_3|Silver_1|Silver_2|Silver_3|Gold_1|Gold_2|Gold_3|Emerald_1|Emerald_2|Emerald_3|Sapphire_1|Sapphire_2|Sapphire_3|Ruby_1|Ruby_2|Ruby_3|Diamond_1|Diamond_2|Diamond_3,Opal_2|Opal_3
Bronze_1,"600,000,000.00",Diamond_3,900000000000,2|3|4|5|6|7|8|9|10|11|12|13|14|15|16|17|18|19|20|21,Bronze_1|Bronze_2|Bronze_3|Silver_1|Silver_2|Silver_3|Gold_1|Gold_2|Gold_3|Emerald_1|Emerald_2|Emerald_3|Sapphire_1|Sapphire_2|Sapphire_3|Ruby_1|Ruby_2|Ruby_3|Diamond_1|Diamond_2|Diamond_3,Unranked|Opal_2|Opal_3
Bronze_2,"600,000,000.00",Diamond_3,900000000000,3|4|5|6|7|8|9|10|11|12|13|14|15|16|17|18|19|20|21,Bronze_2|Bronze_3|Silver_1|Silver_2|Silver_3|Gold_1|Gold_2|Gold_3|Emerald_1|Emerald_2|Emerald_3|Sapphire_1|Sapphire_2|Sapphire_3|Ruby_1|Ruby_2|Ruby_3|Diamond_1|Diamond_2|Diamond_3,Unranked|Bronze_1|Opal_2|Opal_3
Bronze_3,"600,000,000.00",Diamond_3,900000000000,4|5|6|7|8|9|10|11|12|13|14|15|16|17|18|19|20|21,Bronze_3|Silver_1|Silver_2|Silver_3|Gold_1|Gold_2|Gold_3|Emerald_1|Emerald_2|Emerald_3|Sapphire_1|Sapphire_2|Sapphire_3|Ruby_1|Ruby_2|Ruby_3|Diamond_1|Diamond_2|Diamond_3,Unranked|Bronze_1|Bronze_2|Opal_2|Opal_3
Silver_1,"600,000,000.00",Diamond_3,900000000000,5|6|7|8|9|10|11|12|13|14|15|16|17|18|19|20|21,Silver_1|Silver_2|Silver_3|Gold_1|Gold_2|Gold_3|Emerald_1|Emerald_2|Emerald_3|Sapphire_1|Sapphire_2|Sapphire_3|Ruby_1|Ruby_2|Ruby_3|Diamond_1|Diamond_2|Diamond_3,Unranked|Bronze_1|Bronze_2|Bronze_3|Opal_2|Opal_3
Silver_2,"600,000,000.00",Diamond_3,900000000000,6|7|8|9|10|11|12|13|14|15|16|17|18|19|20|21,Silver_2|Silver_3|Gold_1|Gold_2|Gold_3|Emerald_1|Emerald_2|Emerald_3|Sapphire_1|Sapphire_2|Sapphire_3|Ruby_1|Ruby_2|Ruby_3|Diamond_1|Diamond_2|Diamond_3,Unranked|Bronze_1|Bronze_2|Bronze_3|Silver_1|Opal_2|Opal_3
Silver_3,"600,000,000.00",Diamond_3,900000000000,7|8|9|10|11|12|13|14|15|16|17|18|19|20|21,Silver_3|Gold_1|Gold_2|Gold_3|Emerald_1|Emerald_2|Emerald_3|Sapphire_1|Sapphire_2|Sapphire_3|Ruby_1|Ruby_2|Ruby_3|Diamond_1|Diamond_2|Diamond_3,Unranked|Bronze_1|Bronze_2|Bronze_3|Silver_1|Silver_2|Opal_2|Opal_3
Gold_1,"600,000,000.00",Diamond_3,900000000000,8|9|10|11|12|13|14|15|16|17|18|19|20|21,Gold_1|Gold_2|Gold_3|Emerald_1|Emerald_2|Emerald_3|Sapphire_1|Sapphire_2|Sapphire_3|Ruby_1|Ruby_2|Ruby_3|Diamond_1|Diamond_2|Diamond_3,Unranked|Bronze_1|Bronze_2|Bronze_3|Silver_1|Silver_2|Silver_3|Opal_2|Opal_3
Gold_2,"600,000,000.00",Diamond_3,900000000000,9|10|11|12|13|14|15|16|17|18|19|20|21,Gold_2|Gold_3|Emerald_1|Emerald_2|Emerald_3|Sapphire_1|Sapphire_2|Sapphire_3|Ruby_1|Ruby_2|Ruby_3|Diamond_1|Diamond_2|Diamond_3,Unranked|Bronze_1|Bronze_2|Bronze_3|Silver_1|Silver_2|Silver_3|Gold_1|Opal_2|Opal_3
Gold_3,"600,000,000.00",Diamond_3,900000000000,10|11|12|13|14|15|16|17|18|19|20|21,Gold_3|Emerald_1|Emerald_2|Emerald_3|Sapphire_1|Sapphire_2|Sapphire_3|Ruby_1|Ruby_2|Ruby_3|Diamond_1|Diamond_2|Diamond_3,Unranked|Bronze_1|Bronze_2|Bronze_3|Silver_1|Silver_2|Silver_3|Gold_1|Gold_2|Opal_2|Opal_3
Emerald_1,"600,000,000.00",Diamond_3,900000000000,11|12|13|14|15|16|17|18|19|20|21,Emerald_1|Emerald_2|Emerald_3|Sapphire_1|Sapphire_2|Sapphire_3|Ruby_1|Ruby_2|Ruby_3|Diamond_1|Diamond_2|Diamond_3,Unranked|Bronze_1|Bronze_2|Bronze_3|Silver_1|Silver_2|Silver_3|Gold_1|Gold_2|Gold_3|Opal_2|Opal_3
Emerald_2,"600,000,000.00",Diamond_3,900000000000,12|13|14|15|16|17|18|19|20|21,Emerald_2|Emerald_3|Sapphire_1|Sapphire_2|Sapphire_3|Ruby_1|Ruby_2|Ruby_3|Diamond_1|Diamond_2|Diamond_3,Unranked|Bronze_1|Bronze_2|Bronze_3|Silver_1|Silver_2|Silver_3|Gold_1|Gold_2|Gold_3|Emerald_1|Opal_2|Opal_3
Emerald_3,"600,000,000.00",Diamond_3,900000000000,13|14|15|16|17|18|19|20|21,Emerald_3|Sapphire_1|Sapphire_2|Sapphire_3|Ruby_1|Ruby_2|Ruby_3|Diamond_1|Diamond_2|Diamond_3,Unranked|Bronze_1|Bronze_2|Bronze_3|Silver_1|Silver_2|Silver_3|Gold_1|Gold_2|Gold_3|Emerald_1|Emerald_2|Opal_2|Opal_3
Sapphire_1,"600,000,000.00",Diamond_3,900000000000,14|15|16|17|18|19|20|21,Sapphire_1|Sapphire_2|Sapphire_3|Ruby_1|Ruby_2|Ruby_3|Diamond_1|Diamond_2|Diamond_3,Unranked|Bronze_1|Bronze_2|Bronze_3|Silver_1|Silver_2|Silver_3|Gold_1|Gold_2|Gold_3|Emerald_1|Emerald_2|Emerald_3|Opal_2|Opal_3
Sapphire_2,"600,000,000.00",Diamond_3,900000000000,15|16|17|18|19|20|21,Sapphire_2|Sapphire_3|Ruby_1|Ruby_2|Ruby_3|Diamond_1|Diamond_2|Diamond_3,Unranked|Bronze_1|Bronze_2|Bronze_3|Silver_1|Silver_2|Silver_3|Gold_1|Gold_2|Gold_3|Emerald_1|Emerald_2|Emerald_3|Sapphire_1|Opal_2|Opal_3
Sapphire_3,"600,000,000.00",Diamond_3,900000000000,16|17|18|19|20|21,Sapphire_3|Ruby_1|Ruby_2|Ruby_3|Diamond_1|Diamond_2|Diamond_3,Unranked|Bronze_1|Bronze_2|Bronze_3|Silver_1|Silver_2|Silver_3|Gold_1|Gold_2|Gold_3|Emerald_1|Emerald_2|Emerald_3|Sapphire_1|Sapphire_2|Opal_2|Opal_3
Ruby_1,"600,000,000.00",Diamond_3,900000000000,17|18|19|20|21,Ruby_1|Ruby_2|Ruby_3|Diamond_1|Diamond_2|Diamond_3,Unranked|Bronze_1|Bronze_2|Bronze_3|Silver_1|Silver_2|Silver_3|Gold_1|Gold_2|Gold_3|Emerald_1|Emerald_2|Emerald_3|Sapphire_1|Sapphire_2|Sapphire_3|Opal_2|Opal_3
Ruby_2,"600,000,000.00",Diamond_3,900000000000,18|19|20|21,Ruby_2|Ruby_3|Diamond_1|Diamond_2|Diamond_3,Unranked|Bronze_1|Bronze_2|Bronze_3|Silver_1|Silver_2|Silver_3|Gold_1|Gold_2|Gold_3|Emerald_1|Emerald_2|Emerald_3|Sapphire_1|Sapphire_2|Sapphire_3|Ruby_1|Opal_2|Opal_3
Ruby_3,"600,000,000.00",Diamond_3,900000000000,19|20|21,Ruby_3|Diamond_1|Diamond_2|Diamond_3,Unranked|Bronze_1|Bronze_2|Bronze_3|Silver_1|Silver_2|Silver_3|Gold_1|Gold_2|Gold_3|Emerald_1|Emerald_2|Emerald_3|Sapphire_1|Sapphire_2|Sapphire_3|Ruby_1|Ruby_2|Opal_2|Opal_3
Diamond_1,"600,000,000.00",Diamond_3,900000000000,20|21,Diamond_1|Diamond_2|Diamond_3,Unranked|Bronze_1|Bronze_2|Bronze_3|Silver_1|Silver_2|Silver_3|Gold_1|Gold_2|Gold_3|Emerald_1|Emerald_2|Emerald_3|Sapphire_1|Sapphire_2|Sapphire_3|Ruby_1|Ruby_2|Ruby_3|Opal_2|Opal_3
Unranked_1,"1,000,000,000.00",Opal_1,1500000000000,0|1|2|3|4|5|6|7|8|9|10|11|12|13|14|15|16|17|18|19|20|21|22,Unranked|Bronze_1|Bronze_2|Bronze_3|Silver_1|Silver_2|Silver_3|Gold_1|Gold_2|Gold_3|Emerald_1|Emerald_2|Emerald_3|Sapphire_1|Sapphire_2|Sapphire_3|Ruby_1|Ruby_2|Ruby_3|Diamond_1|Diamond_2|Diamond_3|Opal_1,Opal_3
Bronze_1,"1,000,000,000.00",Opal_1,1500000000000,2|3|4|5|6|7|8|9|10|11|12|13|14|15|16|17|18|19|20|21|22,Bronze_1|Bronze_2|Bronze_3|Silver_1|Silver_2|Silver_3|Gold_1|Gold_2|Gold_3|Emerald_1|Emerald_2|Emerald_3|Sapphire_1|Sapphire_2|Sapphire_3|Ruby_1|Ruby_2|Ruby_3|Diamond_1|Diamond_2|Diamond_3|Opal_1,Unranked|Opal_3
Bronze_2,"1,000,000,000.00",Opal_1,1500000000000,3|4|5|6|7|8|9|10|11|12|13|14|15|16|17|18|19|20|21|22,Bronze_2|Bronze_3|Silver_1|Silver_2|Silver_3|Gold_1|Gold_2|Gold_3|Emerald_1|Emerald_2|Emerald_3|Sapphire_1|Sapphire_2|Sapphire_3|Ruby_1|Ruby_2|Ruby_3|Diamond_1|Diamond_2|Diamond_3|Opal_1,Unranked|Bronze_1|Opal_3
Bronze_3,"1,000,000,000.00",Opal_1,1500000000000,4|5|6|7|8|9|10|11|12|13|14|15|16|17|18|19|20|21|22,Bronze_3|Silver_1|Silver_2|Silver_3|Gold_1|Gold_2|Gold_3|Emerald_1|Emerald_2|Emerald_3|Sapphire_1|Sapphire_2|Sapphire_3|Ruby_1|Ruby_2|Ruby_3|Diamond_1|Diamond_2|Diamond_3|Opal_1,Unranked|Bronze_1|Bronze_2|Opal_3
Silver_1,"1,000,000,000.00",Opal_1,1500000000000,5|6|7|8|9|10|11|12|13|14|15|16|17|18|19|20|21|22,Silver_1|Silver_2|Silver_3|Gold_1|Gold_2|Gold_3|Emerald_1|Emerald_2|Emerald_3|Sapphire_1|Sapphire_2|Sapphire_3|Ruby_1|Ruby_2|Ruby_3|Diamond_1|Diamond_2|Diamond_3|Opal_1,Unranked|Bronze_1|Bronze_2|Bronze_3|Opal_3
Silver_2,"1,000,000,000.00",Opal_1,1500000000000,6|7|8|9|10|11|12|13|14|15|16|17|18|19|20|21|22,Silver_2|Silver_3|Gold_1|Gold_2|Gold_3|Emerald_1|Emerald_2|Emerald_3|Sapphire_1|Sapphire_2|Sapphire_3|Ruby_1|Ruby_2|Ruby_3|Diamond_1|Diamond_2|Diamond_3|Opal_1,Unranked|Bronze_1|Bronze_2|Bronze_3|Silver_1|Opal_3
Silver_3,"1,000,000,000.00",Opal_1,1500000000000,7|8|9|10|11|12|13|14|15|16|17|18|19|20|21|22,Silver_3|Gold_1|Gold_2|Gold_3|Emerald_1|Emerald_2|Emerald_3|Sapphire_1|Sapphire_2|Sapphire_3|Ruby_1|Ruby_2|Ruby_3|Diamond_1|Diamond_2|Diamond_3|Opal_1,Unranked|Bronze_1|Bronze_2|Bronze_3|Silver_1|Silver_2|Opal_3
Gold_1,"1,000,000,000.00",Opal_1,1500000000000,8|9|10|11|12|13|14|15|16|17|18|19|20|21|22,Gold_1|Gold_2|Gold_3|Emerald_1|Emerald_2|Emerald_3|Sapphire_1|Sapphire_2|Sapphire_3|Ruby_1|Ruby_2|Ruby_3|Diamond_1|Diamond_2|Diamond_3|Opal_1,Unranked|Bronze_1|Bronze_2|Bronze_3|Silver_1|Silver_2|Silver_3|Opal_3
Gold_2,"1,000,000,000.00",Opal_1,1500000000000,9|10|11|12|13|14|15|16|17|18|19|20|21|22,Gold_2|Gold_3|Emerald_1|Emerald_2|Emerald_3|Sapphire_1|Sapphire_2|Sapphire_3|Ruby_1|Ruby_2|Ruby_3|Diamond_1|Diamond_2|Diamond_3|Opal_1,Unranked|Bronze_1|Bronze_2|Bronze_3|Silver_1|Silver_2|Silver_3|Gold_1|Opal_3
Gold_3,"1,000,000,000.00",Opal_1,1500000000000,10|11|12|13|14|15|16|17|18|19|20|21|22,Gold_3|Emerald_1|Emerald_2|Emerald_3|Sapphire_1|Sapphire_2|Sapphire_3|Ruby_1|Ruby_2|Ruby_3|Diamond_1|Diamond_2|Diamond_3|Opal_1,Unranked|Bronze_1|Bronze_2|Bronze_3|Silver_1|Silver_2|Silver_3|Gold_1|Gold_2|Opal_3
Emerald_1,"1,000,000,000.00",Opal_1,1500000000000,11|12|13|14|15|16|17|18|19|20|21|22,Emerald_1|Emerald_2|Emerald_3|Sapphire_1|Sapphire_2|Sapphire_3|Ruby_1|Ruby_2|Ruby_3|Diamond_1|Diamond_2|Diamond_3|Opal_1,Unranked|Bronze_1|Bronze_2|Bronze_3|Silver_1|Silver_2|Silver_3|Gold_1|Gold_2|Gold_3|Opal_3
Emerald_2,"1,000,000,000.00",Opal_1,1500000000000,12|13|14|15|16|17|18|19|20|21|22,Emerald_2|Emerald_3|Sapphire_1|Sapphire_2|Sapphire_3|Ruby_1|Ruby_2|Ruby_3|Diamond_1|Diamond_2|Diamond_3|Opal_1,Unranked|Bronze_1|Bronze_2|Bronze_3|Silver_1|Silver_2|Silver_3|Gold_1|Gold_2|Gold_3|Emerald_1|Opal_3
Emerald_3,"1,000,000,000.00",Opal_1,1500000000000,13|14|15|16|17|18|19|20|21|22,Emerald_3|Sapphire_1|Sapphire_2|Sapphire_3|Ruby_1|Ruby_2|Ruby_3|Diamond_1|Diamond_2|Diamond_3|Opal_1,Unranked|Bronze_1|Bronze_2|Bronze_3|Silver_1|Silver_2|Silver_3|Gold_1|Gold_2|Gold_3|Emerald_1|Emerald_2|Opal_3
Sapphire_1,"1,000,000,000.00",Opal_1,1500000000000,14|15|16|17|18|19|20|21|22,Sapphire_1|Sapphire_2|Sapphire_3|Ruby_1|Ruby_2|Ruby_3|Diamond_1|Diamond_2|Diamond_3|Opal_1,Unranked|Bronze_1|Bronze_2|Bronze_3|Silver_1|Silver_2|Silver_3|Gold_1|Gold_2|Gold_3|Emerald_1|Emerald_2|Emerald_3|Opal_3
Sapphire_2,"1,000,000,000.00",Opal_1,1500000000000,15|16|17|18|19|20|21|22,Sapphire_2|Sapphire_3|Ruby_1|Ruby_2|Ruby_3|Diamond_1|Diamond_2|Diamond_3|Opal_1,Unranked|Bronze_1|Bronze_2|Bronze_3|Silver_1|Silver_2|Silver_3|Gold_1|Gold_2|Gold_3|Emerald_1|Emerald_2|Emerald_3|Sapphire_1|Opal_3
Sapphire_3,"1,000,000,000.00",Opal_1,1500000000000,16|17|18|19|20|21|22,Sapphire_3|Ruby_1|Ruby_2|Ruby_3|Diamond_1|Diamond_2|Diamond_3|Opal_1,Unranked|Bronze_1|Bronze_2|Bronze_3|Silver_1|Silver_2|Silver_3|Gold_1|Gold_2|Gold_3|Emerald_1|Emerald_2|Emerald_3|Sapphire_1|Sapphire_2|Opal_3
Ruby_1,"1,000,000,000.00",Opal_1,1500000000000,17|18|19|20|21|22,Ruby_1|Ruby_2|Ruby_3|Diamond_1|Diamond_2|Diamond_3|Opal_1,Unranked|Bronze_1|Bronze_2|Bronze_3|Silver_1|Silver_2|Silver_3|Gold_1|Gold_2|Gold_3|Emerald_1|Emerald_2|Emerald_3|Sapphire_1|Sapphire_2|Sapphire_3|Opal_3
Ruby_2,"1,000,000,000.00",Opal_1,1500000000000,18|19|20|21|22,Ruby_2|Ruby_3|Diamond_1|Diamond_2|Diamond_3|Opal_1,Unranked|Bronze_1|Bronze_2|Bronze_3|Silver_1|Silver_2|Silver_3|Gold_1|Gold_2|Gold_3|Emerald_1|Emerald_2|Emerald_3|Sapphire_1|Sapphire_2|Sapphire_3|Ruby_1|Opal_3
Ruby_3,"1,000,000,000.00",Opal_1,1500000000000,19|20|21|22,Ruby_3|Diamond_1|Diamond_2|Diamond_3|Opal_1,Unranked|Bronze_1|Bronze_2|Bronze_3|Silver_1|Silver_2|Silver_3|Gold_1|Gold_2|Gold_3|Emerald_1|Emerald_2|Emerald_3|Sapphire_1|Sapphire_2|Sapphire_3|Ruby_1|Ruby_2|Opal_3
Diamond_1,"1,000,000,000.00",Opal_1,1500000000000,20|21|22,Diamond_1|Diamond_2|Diamond_3|Opal_1,Unranked|Bronze_1|Bronze_2|Bronze_3|Silver_1|Silver_2|Silver_3|Gold_1|Gold_2|Gold_3|Emerald_1|Emerald_2|Emerald_3|Sapphire_1|Sapphire_2|Sapphire_3|Ruby_1|Ruby_2|Ruby_3|Opal_3
Diamond_2,"1,000,000,000.00",Opal_1,1500000000000,21|22,Diamond_2|Diamond_3|Opal_1,Unranked|Bronze_1|Bronze_2|Bronze_3|Silver_1|Silver_2|Silver_3|Gold_1|Gold_2|Gold_3|Emerald_1|Emerald_2|Emerald_3|Sapphire_1|Sapphire_2|Sapphire_3|Ruby_1|Ruby_2|Ruby_3|Diamond_1|Opal_3
Unranked_1,"2,000,000,000.00",Opal_2,3000000000000,0|1|2|3|4|5|6|7|8|9|10|11|12|13|14|15|16|17|18|19|20|21|22|23,Unranked|Bronze_1|Bronze_2|Bronze_3|Silver_1|Silver_2|Silver_3|Gold_1|Gold_2|Gold_3|Emerald_1|Emerald_2|Emerald_3|Sapphire_1|Sapphire_2|Sapphire_3|Ruby_1|Ruby_2|Ruby_3|Diamond_1|Diamond_2|Diamond_3|Opal_1|Opal_2,
Bronze_1,"2,000,000,000.00",Opal_2,3000000000000,2|3|4|5|6|7|8|9|10|11|12|13|14|15|16|17|18|19|20|21|22|23,Bronze_1|Bronze_2|Bronze_3|Silver_1|Silver_2|Silver_3|Gold_1|Gold_2|Gold_3|Emerald_1|Emerald_2|Emerald_3|Sapphire_1|Sapphire_2|Sapphire_3|Ruby_1|Ruby_2|Ruby_3|Diamond_1|Diamond_2|Diamond_3|Opal_1|Opal_2,Unranked
Bronze_2,"2,000,000,000.00",Opal_2,3000000000000,3|4|5|6|7|8|9|10|11|12|13|14|15|16|17|18|19|20|21|22|23,Bronze_2|Bronze_3|Silver_1|Silver_2|Silver_3|Gold_1|Gold_2|Gold_3|Emerald_1|Emerald_2|Emerald_3|Sapphire_1|Sapphire_2|Sapphire_3|Ruby_1|Ruby_2|Ruby_3|Diamond_1|Diamond_2|Diamond_3|Opal_1|Opal_2,Unranked|Bronze_1
Bronze_3,"2,000,000,000.00",Opal_2,3000000000000,4|5|6|7|8|9|10|11|12|13|14|15|16|17|18|19|20|21|22|23,Bronze_3|Silver_1|Silver_2|Silver_3|Gold_1|Gold_2|Gold_3|Emerald_1|Emerald_2|Emerald_3|Sapphire_1|Sapphire_2|Sapphire_3|Ruby_1|Ruby_2|Ruby_3|Diamond_1|Diamond_2|Diamond_3|Opal_1|Opal_2,Unranked|Bronze_1|Bronze_2
Silver_1,"2,000,000,000.00",Opal_2,3000000000000,5|6|7|8|9|10|11|12|13|14|15|16|17|18|19|20|21|22|23,Silver_1|Silver_2|Silver_3|Gold_1|Gold_2|Gold_3|Emerald_1|Emerald_2|Emerald_3|Sapphire_1|Sapphire_2|Sapphire_3|Ruby_1|Ruby_2|Ruby_3|Diamond_1|Diamond_2|Diamond_3|Opal_1|Opal_2,Unranked|Bronze_1|Bronze_2|Bronze_3
Silver_2,"2,000,000,000.00",Opal_2,3000000000000,6|7|8|9|10|11|12|13|14|15|16|17|18|19|20|21|22|23,Silver_2|Silver_3|Gold_1|Gold_2|Gold_3|Emerald_1|Emerald_2|Emerald_3|Sapphire_1|Sapphire_2|Sapphire_3|Ruby_1|Ruby_2|Ruby_3|Diamond_1|Diamond_2|Diamond_3|Opal_1|Opal_2,Unranked|Bronze_1|Bronze_2|Bronze_3|Silver_1
Silver_3,"2,000,000,000.00",Opal_2,3000000000000,7|8|9|10|11|12|13|14|15|16|17|18|19|20|21|22|23,Silver_3|Gold_1|Gold_2|Gold_3|Emerald_1|Emerald_2|Emerald_3|Sapphire_1|Sapphire_2|Sapphire_3|Ruby_1|Ruby_2|Ruby_3|Diamond_1|Diamond_2|Diamond_3|Opal_1|Opal_2,Unranked|Bronze_1|Bronze_2|Bronze_3|Silver_1|Silver_2
Gold_1,"2,000,000,000.00",Opal_2,3000000000000,8|9|10|11|12|13|14|15|16|17|18|19|20|21|22|23,Gold_1|Gold_2|Gold_3|Emerald_1|Emerald_2|Emerald_3|Sapphire_1|Sapphire_2|Sapphire_3|Ruby_1|Ruby_2|Ruby_3|Diamond_1|Diamond_2|Diamond_3|Opal_1|Opal_2,Unranked|Bronze_1|Bronze_2|Bronze_3|Silver_1|Silver_2|Silver_3
Gold_2,"2,000,000,000.00",Opal_2,3000000000000,9|10|11|12|13|14|15|16|17|18|19|20|21|22|23,Gold_2|Gold_3|Emerald_1|Emerald_2|Emerald_3|Sapphire_1|Sapphire_2|Sapphire_3|Ruby_1|Ruby_2|Ruby_3|Diamond_1|Diamond_2|Diamond_3|Opal_1|Opal_2,Unranked|Bronze_1|Bronze_2|Bronze_3|Silver_1|Silver_2|Silver_3|Gold_1
Gold_3,"2,000,000,000.00",Opal_2,3000000000000,10|11|12|13|14|15|16|17|18|19|20|21|22|23,Gold_3|Emerald_1|Emerald_2|Emerald_3|Sapphire_1|Sapphire_2|Sapphire_3|Ruby_1|Ruby_2|Ruby_3|Diamond_1|Diamond_2|Diamond_3|Opal_1|Opal_2,Unranked|Bronze_1|Bronze_2|Bronze_3|Silver_1|Silver_2|Silver_3|Gold_1|Gold_2
Emerald_1,"2,000,000,000.00",Opal_2,3000000000000,11|12|13|14|15|16|17|18|19|20|21|22|23,Emerald_1|Emerald_2|Emerald_3|Sapphire_1|Sapphire_2|Sapphire_3|Ruby_1|Ruby_2|Ruby_3|Diamond_1|Diamond_2|Diamond_3|Opal_1|Opal_2,Unranked|Bronze_1|Bronze_2|Bronze_3|Silver_1|Silver_2|Silver_3|Gold_1|Gold_2|Gold_3
Emerald_2,"2,000,000,000.00",Opal_2,3000000000000,12|13|14|15|16|17|18|19|20|21|22|23,Emerald_2|Emerald_3|Sapphire_1|Sapphire_2|Sapphire_3|Ruby_1|Ruby_2|Ruby_3|Diamond_1|Diamond_2|Diamond_3|Opal_1|Opal_2,Unranked|Bronze_1|Bronze_2|Bronze_3|Silver_1|Silver_2|Silver_3|Gold_1|Gold_2|Gold_3|Emerald_1
Emerald_3,"2,000,000,000.00",Opal_2,3000000000000,13|14|15|16|17|18|19|20|21|22|23,Emerald_3|Sapphire_1|Sapphire_2|Sapphire_3|Ruby_1|Ruby_2|Ruby_3|Diamond_1|Diamond_2|Diamond_3|Opal_1|Opal_2,Unranked|Bronze_1|Bronze_2|Bronze_3|Silver_1|Silver_2|Silver_3|Gold_1|Gold_2|Gold_3|Emerald_1|Emerald_2
Sapphire_1,"2,000,000,000.00",Opal_2,3000000000000,14|15|16|17|18|19|20|21|22|23,Sapphire_1|Sapphire_2|Sapphire_3|Ruby_1|Ruby_2|Ruby_3|Diamond_1|Diamond_2|Diamond_3|Opal_1|Opal_2,Unranked|Bronze_1|Bronze_2|Bronze_3|Silver_1|Silver_2|Silver_3|Gold_1|Gold_2|Gold_3|Emerald_1|Emerald_2|Emerald_3
Sapphire_2,"2,000,000,000.00",Opal_2,3000000000000,15|16|17|18|19|20|21|22|23,Sapphire_2|Sapphire_3|Ruby_1|Ruby_2|Ruby_3|Diamond_1|Diamond_2|Diamond_3|Opal_1|Opal_2,Unranked|Bronze_1|Bronze_2|Bronze_3|Silver_1|Silver_2|Silver_3|Gold_1|Gold_2|Gold_3|Emerald_1|Emerald_2|Emerald_3|Sapphire_1
Sapphire_3,"2,000,000,000.00",Opal_2,3000000000000,16|17|18|19|20|21|22|23,Sapphire_3|Ruby_1|Ruby_2|Ruby_3|Diamond_1|Diamond_2|Diamond_3|Opal_1|Opal_2,Unranked|Bronze_1|Bronze_2|Bronze_3|Silver_1|Silver_2|Silver_3|Gold_1|Gold_2|Gold_3|Emerald_1|Emerald_2|Emerald_3|Sapphire_1|Sapphire_2
Ruby_1,"2,000,000,000.00",Opal_2,3000000000000,17|18|19|20|21|22|23,Ruby_1|Ruby_2|Ruby_3|Diamond_1|Diamond_2|Diamond_3|Opal_1|Opal_2,Unranked|Bronze_1|Bronze_2|Bronze_3|Silver_1|Silver_2|Silver_3|Gold_1|Gold_2|Gold_3|Emerald_1|Emerald_2|Emerald_3|Sapphire_1|Sapphire_2|Sapphire_3
Ruby_2,"2,000,000,000.00",Opal_2,3000000000000,18|19|20|21|22|23,Ruby_2|Ruby_3|Diamond_1|Diamond_2|Diamond_3|Opal_1|Opal_2,Unranked|Bronze_1|Bronze_2|Bronze_3|Silver_1|Silver_2|Silver_3|Gold_1|Gold_2|Gold_3|Emerald_1|Emerald_2|Emerald_3|Sapphire_1|Sapphire_2|Sapphire_3|Ruby_1
Ruby_3,"2,000,000,000.00",Opal_2,3000000000000,19|20|21|22|23,Ruby_3|Diamond_1|Diamond_2|Diamond_3|Opal_1|Opal_2,Unranked|Bronze_1|Bronze_2|Bronze_3|Silver_1|Silver_2|Silver_3|Gold_1|Gold_2|Gold_3|Emerald_1|Emerald_2|Emerald_3|Sapphire_1|Sapphire_2|Sapphire_3|Ruby_1|Ruby_2
Diamond_1,"2,000,000,000.00",Opal_2,3000000000000,20|21|22|23,Diamond_1|Diamond_2|Diamond_3|Opal_1|Opal_2,Unranked|Bronze_1|Bronze_2|Bronze_3|Silver_1|Silver_2|Silver_3|Gold_1|Gold_2|Gold_3|Emerald_1|Emerald_2|Emerald_3|Sapphire_1|Sapphire_2|Sapphire_3|Ruby_1|Ruby_2|Ruby_3
Diamond_2,"2,000,000,000.00",Opal_2,3000000000000,21|22|23,Diamond_2|Diamond_3|Opal_1|Opal_2,Unranked|Bronze_1|Bronze_2|Bronze_3|Silver_1|Silver_2|Silver_3|Gold_1|Gold_2|Gold_3|Emerald_1|Emerald_2|Emerald_3|Sapphire_1|Sapphire_2|Sapphire_3|Ruby_1|Ruby_2|Ruby_3|Diamond_1
Diamond_3,"2,000,000,000.00",Opal_2,3000000000000,22|23,Diamond_3|Opal_1|Opal_2,Unranked|Bronze_1|Bronze_2|Bronze_3|Silver_1|Silver_2|Silver_3|Gold_1|Gold_2|Gold_3|Emerald_1|Emerald_2|Emerald_3|Sapphire_1|Sapphire_2|Sapphire_3|Ruby_1|Ruby_2|Ruby_3|Diamond_1|Diamond_2
Unranked_1,"4,000,000,000.00",Opal_3,6000000000000,0|1|2|3|4|5|6|7|8|9|10|11|12|13|14|15|16|17|18|19|20|21|22|23|24,Unranked|Bronze_1|Bronze_2|Bronze_3|Silver_1|Silver_2|Silver_3|Gold_1|Gold_2|Gold_3|Emerald_1|Emerald_2|Emerald_3|Sapphire_1|Sapphire_2|Sapphire_3|Ruby_1|Ruby_2|Ruby_3|Diamond_1|Diamond_2|Diamond_3|Opal_1|Opal_2|Opal_3,
Bronze_1,"4,000,000,000.00",Opal_3,6000000000000,2|3|4|5|6|7|8|9|10|11|12|13|14|15|16|17|18|19|20|21|22|23|24,Bronze_1|Bronze_2|Bronze_3|Silver_1|Silver_2|Silver_3|Gold_1|Gold_2|Gold_3|Emerald_1|Emerald_2|Emerald_3|Sapphire_1|Sapphire_2|Sapphire_3|Ruby_1|Ruby_2|Ruby_3|Diamond_1|Diamond_2|Diamond_3|Opal_1|Opal_2|Opal_3,Unranked
Bronze_2,"4,000,000,000.00",Opal_3,6000000000000,3|4|5|6|7|8|9|10|11|12|13|14|15|16|17|18|19|20|21|22|23|24,Bronze_2|Bronze_3|Silver_1|Silver_2|Silver_3|Gold_1|Gold_2|Gold_3|Emerald_1|Emerald_2|Emerald_3|Sapphire_1|Sapphire_2|Sapphire_3|Ruby_1|Ruby_2|Ruby_3|Diamond_1|Diamond_2|Diamond_3|Opal_1|Opal_2|Opal_3,Unranked|Bronze_1
Bronze_3,"4,000,000,000.00",Opal_3,6000000000000,4|5|6|7|8|9|10|11|12|13|14|15|16|17|18|19|20|21|22|23|24,Bronze_3|Silver_1|Silver_2|Silver_3|Gold_1|Gold_2|Gold_3|Emerald_1|Emerald_2|Emerald_3|Sapphire_1|Sapphire_2|Sapphire_3|Ruby_1|Ruby_2|Ruby_3|Diamond_1|Diamond_2|Diamond_3|Opal_1|Opal_2|Opal_3,Unranked|Bronze_1|Bronze_2
Silver_1,"4,000,000,000.00",Opal_3,6000000000000,5|6|7|8|9|10|11|12|13|14|15|16|17|18|19|20|21|22|23|24,Silver_1|Silver_2|Silver_3|Gold_1|Gold_2|Gold_3|Emerald_1|Emerald_2|Emerald_3|Sapphire_1|Sapphire_2|Sapphire_3|Ruby_1|Ruby_2|Ruby_3|Diamond_1|Diamond_2|Diamond_3|Opal_1|Opal_2|Opal_3,Unranked|Bronze_1|Bronze_2|Bronze_3
Silver_2,"4,000,000,000.00",Opal_3,6000000000000,6|7|8|9|10|11|12|13|14|15|16|17|18|19|20|21|22|23|24,Silver_2|Silver_3|Gold_1|Gold_2|Gold_3|Emerald_1|Emerald_2|Emerald_3|Sapphire_1|Sapphire_2|Sapphire_3|Ruby_1|Ruby_2|Ruby_3|Diamond_1|Diamond_2|Diamond_3|Opal_1|Opal_2|Opal_3,Unranked|Bronze_1|Bronze_2|Bronze_3|Silver_1
Silver_3,"4,000,000,000.00",Opal_3,6000000000000,7|8|9|10|11|12|13|14|15|16|17|18|19|20|21|22|23|24,Silver_3|Gold_1|Gold_2|Gold_3|Emerald_1|Emerald_2|Emerald_3|Sapphire_1|Sapphire_2|Sapphire_3|Ruby_1|Ruby_2|Ruby_3|Diamond_1|Diamond_2|Diamond_3|Opal_1|Opal_2|Opal_3,Unranked|Bronze_1|Bronze_2|Bronze_3|Silver_1|Silver_2
Gold_1,"4,000,000,000.00",Opal_3,6000000000000,8|9|10|11|12|13|14|15|16|17|18|19|20|21|22|23|24,Gold_1|Gold_2|Gold_3|Emerald_1|Emerald_2|Emerald_3|Sapphire_1|Sapphire_2|Sapphire_3|Ruby_1|Ruby_2|Ruby_3|Diamond_1|Diamond_2|Diamond_3|Opal_1|Opal_2|Opal_3,Unranked|Bronze_1|Bronze_2|Bronze_3|Silver_1|Silver_2|Silver_3
Gold_2,"4,000,000,000.00",Opal_3,6000000000000,9|10|11|12|13|14|15|16|17|18|19|20|21|22|23|24,Gold_2|Gold_3|Emerald_1|Emerald_2|Emerald_3|Sapphire_1|Sapphire_2|Sapphire_3|Ruby_1|Ruby_2|Ruby_3|Diamond_1|Diamond_2|Diamond_3|Opal_1|Opal_2|Opal_3,Unranked|Bronze_1|Bronze_2|Bronze_3|Silver_1|Silver_2|Silver_3|Gold_1
Gold_3,"4,000,000,000.00",Opal_3,6000000000000,10|11|12|13|14|15|16|17|18|19|20|21|22|23|24,Gold_3|Emerald_1|Emerald_2|Emerald_3|Sapphire_1|Sapphire_2|Sapphire_3|Ruby_1|Ruby_2|Ruby_3|Diamond_1|Diamond_2|Diamond_3|Opal_1|Opal_2|Opal_3,Unranked|Bronze_1|Bronze_2|Bronze_3|Silver_1|Silver_2|Silver_3|Gold_1|Gold_2
Emerald_1,"4,000,000,000.00",Opal_3,6000000000000,11|12|13|14|15|16|17|18|19|20|21|22|23|24,Emerald_1|Emerald_2|Emerald_3|Sapphire_1|Sapphire_2|Sapphire_3|Ruby_1|Ruby_2|Ruby_3|Diamond_1|Diamond_2|Diamond_3|Opal_1|Opal_2|Opal_3,Unranked|Bronze_1|Bronze_2|Bronze_3|Silver_1|Silver_2|Silver_3|Gold_1|Gold_2|Gold_3
Emerald_2,"4,000,000,000.00",Opal_3,6000000000000,12|13|14|15|16|17|18|19|20|21|22|23|24,Emerald_2|Emerald_3|Sapphire_1|Sapphire_2|Sapphire_3|Ruby_1|Ruby_2|Ruby_3|Diamond_1|Diamond_2|Diamond_3|Opal_1|Opal_2|Opal_3,Unranked|Bronze_1|Bronze_2|Bronze_3|Silver_1|Silver_2|Silver_3|Gold_1|Gold_2|Gold_3|Emerald_1
Emerald_3,"4,000,000,000.00",Opal_3,6000000000000,13|14|15|16|17|18|19|20|21|22|23|24,Emerald_3|Sapphire_1|Sapphire_2|Sapphire_3|Ruby_1|Ruby_2|Ruby_3|Diamond_1|Diamond_2|Diamond_3|Opal_1|Opal_2|Opal_3,Unranked|Bronze_1|Bronze_2|Bronze_3|Silver_1|Silver_2|Silver_3|Gold_1|Gold_2|Gold_3|Emerald_1|Emerald_2
Sapphire_1,"4,000,000,000.00",Opal_3,6000000000000,14|15|16|17|18|19|20|21|22|23|24,Sapphire_1|Sapphire_2|Sapphire_3|Ruby_1|Ruby_2|Ruby_3|Diamond_1|Diamond_2|Diamond_3|Opal_1|Opal_2|Opal_3,Unranked|Bronze_1|Bronze_2|Bronze_3|Silver_1|Silver_2|Silver_3|Gold_1|Gold_2|Gold_3|Emerald_1|Emerald_2|Emerald_3
Sapphire_2,"4,000,000,000.00",Opal_3,6000000000000,15|16|17|18|19|20|21|22|23|24,Sapphire_2|Sapphire_3|Ruby_1|Ruby_2|Ruby_3|Diamond_1|Diamond_2|Diamond_3|Opal_1|Opal_2|Opal_3,Unranked|Bronze_1|Bronze_2|Bronze_3|Silver_1|Silver_2|Silver_3|Gold_1|Gold_2|Gold_3|Emerald_1|Emerald_2|Emerald_3|Sapphire_1
Sapphire_3,"4,000,000,000.00",Opal_3,6000000000000,16|17|18|19|20|21|22|23|24,Sapphire_3|Ruby_1|Ruby_2|Ruby_3|Diamond_1|Diamond_2|Diamond_3|Opal_1|Opal_2|Opal_3,Unranked|Bronze_1|Bronze_2|Bronze_3|Silver_1|Silver_2|Silver_3|Gold_1|Gold_2|Gold_3|Emerald_1|Emerald_2|Emerald_3|Sapphire_1|Sapphire_2
Ruby_1,"4,000,000,000.00",Opal_3,6000000000000,17|18|19|20|21|22|23|24,Ruby_1|Ruby_2|Ruby_3|Diamond_1|Diamond_2|Diamond_3|Opal_1|Opal_2|Opal_3,Unranked|Bronze_1|Bronze_2|Bronze_3|Silver_1|Silver_2|Silver_3|Gold_1|Gold_2|Gold_3|Emerald_1|Emerald_2|Emerald_3|Sapphire_1|Sapphire_2|Sapphire_3
Ruby_2,"4,000,000,000.00",Opal_3,6000000000000,18|19|20|21|22|23|24,Ruby_2|Ruby_3|Diamond_1|Diamond_2|Diamond_3|Opal_1|Opal_2|Opal_3,Unranked|Bronze_1|Bronze_2|Bronze_3|Silver_1|Silver_2|Silver_3|Gold_1|Gold_2|Gold_3|Emerald_1|Emerald_2|Emerald_3|Sapphire_1|Sapphire_2|Sapphire_3|Ruby_1
Ruby_3,"4,000,000,000.00",Opal_3,6000000000000,19|20|21|22|23|24,Ruby_3|Diamond_1|Diamond_2|Diamond_3|Opal_1|Opal_2|Opal_3,Unranked|Bronze_1|Bronze_2|Bronze_3|Silver_1|Silver_2|Silver_3|Gold_1|Gold_2|Gold_3|Emerald_1|Emerald_2|Emerald_3|Sapphire_1|Sapphire_2|Sapphire_3|Ruby_1|Ruby_2
Diamond_1,"4,000,000,000.00",Opal_3,6000000000000,20|21|22|23|24,Diamond_1|Diamond_2|Diamond_3|Opal_1|Opal_2|Opal_3,Unranked|Bronze_1|Bronze_2|Bronze_3|Silver_1|Silver_2|Silver_3|Gold_1|Gold_2|Gold_3|Emerald_1|Emerald_2|Emerald_3|Sapphire_1|Sapphire_2|Sapphire_3|Ruby_1|Ruby_2|Ruby_3
Diamond_2,"4,000,000,000.00",Opal_3,6000000000000,21|22|23|24,Diamond_2|Diamond_3|Opal_1|Opal_2|Opal_3,Unranked|Bronze_1|Bronze_2|Bronze_3|Silver_1|Silver_2|Silver_3|Gold_1|Gold_2|Gold_3|Emerald_1|Emerald_2|Emerald_3|Sapphire_1|Sapphire_2|Sapphire_3|Ruby_1|Ruby_2|Ruby_3|Diamond_1
Diamond_3,"4,000,000,000.00",Opal_3,6000000000000,22|23|24,Diamond_3|Opal_1|Opal_2|Opal_3,Unranked|Bronze_1|Bronze_2|Bronze_3|Silver_1|Silver_2|Silver_3|Gold_1|Gold_2|Gold_3|Emerald_1|Emerald_2|Emerald_3|Sapphire_1|Sapphire_2|Sapphire_3|Ruby_1|Ruby_2|Ruby_3|Diamond_1|Diamond_2
Opal_1,"4,000,000,000.00",Opal_3,6000000000000,23|24,Opal_1|Opal_2|Opal_3,Unranked|Bronze_1|Bronze_2|Bronze_3|Silver_1|Silver_2|Silver_3|Gold_1|Gold_2|Gold_3|Emerald_1|Emerald_2|Emerald_3|Sapphire_1|Sapphire_2|Sapphire_3|Ruby_1|Ruby_2|Ruby_3|Diamond_1|Diamond_2|Diamond_3